,filename,size,date_added,sha256
0,vtiaut.bat,41.59 KB,2025-09-03,93f0d3cdd1c56bedf534851974cfec0d4d09d89f4120cc3b9023b193269376d8
1,proxies.vbs,32.81 KB,2025-09-08,c7263c880d50003476ee8b6cf46bd0e9bfb367950a22d957b855dfed6af1bc4c
2,collection.xls,131.19 KB,2025-09-06,ed610ec5ba485dbfb42fa14888151a8f1611dd9974cb9841afddcfff0563e020
3,discootra.xls,58 B,2025-09-05,aa3036e3cb5d4380ed8072f36d76e15226dc5063d5799dd01e63e273bbe98ac3
4,adminadmin.js,12 B,2025-09-03,dcd5620f984cebd41d7f6ba14a40fa29ee01d9d69bf317f8f63514363ec78a03
5,stock.bat,202 B,2025-09-08,b92dbb7d3166ac7210bf417bfe430f1e972168d09a53e600f6f6ddd3e28c9d7a
6,jspexamples.js,6.96 KB,2025-09-04,6bc8b17eb3e9cf2a5b3f8a76232943dede4037039bdd6e6da1c0ddefbd5cb613
7,back.vbs,39.26 KB,2025-09-05,7dea04846fc63897ea4f15ab71fa8ee8a83388175ef6fe2d450ae74dc9ac2a3b
8,foundation.cmd,39 B,2025-09-05,e2accfb2096b1d376ab9791212f6285021830a22f746f7b916d8013367bba2a3
9,debug.vbs,37 B,2025-09-01,3f3e9c40db30217c83f5ad5f5a03c4d2543238e3b3b2cd6f1b2e2c2097a975d4
10,clusters.exe,40.15 KB,2025-09-01,ae5fff1454cfdca17a1e3ffc85c8e372e5efecaab49c8f03c202c16c0e4de5e2
11,wellknowncoap.exe,18 B,2025-09-08,bbf0c109b8ab346889dceff428495c5c6bbbdb3d5cf8ae0ee33ce63f16836d25
12,e107files.exe,122 B,2025-09-05,11ba7165856b2b07f9ae5b9e10c62330837dcf39c40cce5032ff6c244d38e914
13,2020.exe,117.96 KB,2025-09-02,541fb4fd638db58b2b09a6c3397239eb049c3ead5c68ddcfd07b5933509141da
14,slides.xls,129 B,2025-09-04,690ead0d4d2fd87fdfda9d49f07252d3bc600c2a6b821c0a75bf35b766040987
15,management.bat,242.06 MB,2025-09-06,a551001b45d2494341b87bc98da6db160e6289974576e2a73f238d055294960c
16,groupinlinemod.vbs,148.77 KB,2025-09-01,a0b716538950953f8a3409b850958afbbfd6227f39e9f9f45ff2416a702e42e3
17,horde.mdb,130.99 MB,2025-09-03,b810973cf6dc405b775571aa4a275e237e81f3465c7c7a85e3b3c8c1c4df9832
18,scans.vbs,31 B,2025-09-05,72202d19081bb5f8494fbb276390f54c8963a13e91b88bffda3089dcdc9ea405
19,Spy.xls,83 B,2025-09-01,7111787058fae3480ef0f1a9af2de36c17b019befd9c2f72e099eb6aedc34374
20,myfaces.xls,109.23 MB,2025-09-03,4e723cd84db6047d746905e85c0a7db306de6812a533c73eca0899767a63c5ee
21,g.cmd,44.01 KB,2025-09-04,39920e116a175309185c8d78db226316a91bb5c0056b2c4fb8647160caeac729
22,development.cmd,40.92 KB,2025-09-09,c8c3b715482bce13fc77a78fb168a65ea23a9b5eaaec85a4862fc4727eeccbc2
23,apc.js,62 B,2025-09-09,49d8a50d023fd231fd01a09c909ffc79c1db6ce0d1c3a18de394c31ea8a23958
24,roaming.cmd,110.52 KB,2025-09-09,f6b929082a3eb4338f3ade48bbf24cc8330aeed7c0b42eb6107bca443b69910d
25,showmap.xls,45.04 KB,2025-09-08,bc8b424d4ba315f17aef1a30e1e73cf006e2406c71232fbe8ae83210890b5c7d
26,handles.mdb,207.78 MB,2025-09-07,4bba0c1f8d97c3350ade29910bced06dddcb63c02ad05eb878ff7047090d3916
27,com3.exe,167.45 MB,2025-09-03,7f295d023572d65ab691c358cbd05a540af4ad45fbbc2b6602b8e2d06faf60a7
28,linux.cmd,359 B,2025-09-07,3b8d3cb7ea0892c99f8538eca753ee449710d70df6d63d8dd051aadf89b67b2c
29,ode.xls,155.85 KB,2025-09-06,12c5505cc58c9fecc5b37fb53643aa91b95aa45aa2911be7913e3d2d25fe4e9c
30,M.cmd,73.34 KB,2025-09-08,f776dc89186666d6c48bd2d54868d13c3deeba44dae3b0e1239f1e7540117b8b
31,food.exe,37 B,2025-09-05,883f6e1529219e2850d8243ed97f97fe0bc052fb6ad01478383d81c022591ada
32,profile.js,18.71 KB,2025-09-01,7d1083847d54b126e71ef65b9e2cad4e4058c6664378e740e24d9c0a43a311fb
33,viewsvn.xls,0 B,2025-09-08,31ff4f29fa9af26dbb50f54a4a4fc8b5c4c499876bd3620a71de01820dbfe8a1
34,enterprise.mdb,9.39 MB,2025-09-09,d7cad422c966172d6a3d20dffa896687f8fde11ea8e51224908bc395dc396702
35,14.exe,68.14 KB,2025-09-07,a1f9791696b539354bc0ae77f3d4c1848857f870979f6dd7897cddb481fdfb45
36,thumb.vbs,248.31 KB,2025-09-03,a0d4ee2a5ac85525c9fa79cbc53ba6cc9bacbe1c9ea69d50ead2b373750c84aa
37,commentpage1.vbs,71.34 KB,2025-09-08,d8ac2b9119bf58b3b61c7ae1d19729a6eabdfb0f6a905ed06f39a9054be970bd
38,cmd.js,218.42 KB,2025-09-04,8ca32e2bc0f19a5063dc4bcbd61e63db5cf7d2a75ca7849460a304807abe39d9
39,locator.bat,83.67 MB,2025-09-05,74b8f493250c93061aec0fb725bed7a1deb94ba99a1c58f7fa73876a493b7f71
40,awstats.js,64 B,2025-09-06,9a78599dcfcd31afdebb56aefba4fdff0f8cd935fa4e2820ed096ec274b4f195
41,self.exe,120.43 MB,2025-09-08,69c625fb46f6b535148897fc9802119f2c3654f3f0015c17d2f82a29cac78ab1
42,smblogin.mdb,85.95 KB,2025-09-07,6abf6673cd590b1f6c0fef6b9ee5b52b576898682e88b3be36cddf6e0c0907c4
43,upload.vbs,34 B,2025-09-05,a6c1f87155e069bb325d6ce21df4e225791ff57d72e795d9b015473af7827804
44,school.bat,127 B,2025-09-07,7d44f638d2273f2052d2b35a538d0111f5c9a1e8e229af962b6fc7dc2366b7a9
45,page2.cmd,133.15 MB,2025-09-06,951ee90fb18cb1e0e297253f2cb7e14e0ac4f2e0e4e3da4129a010a418cb83e6
46,artwork.vbs,135.17 KB,2025-09-06,d0152c0ff886616659baefb7eed7823ca82cc39f31533eca57a30df9c499a094
47,old.xls,22 B,2025-09-04,d5a5cf19685753d985bb2fe3e5dfa6c58bc514a9a9187ec86222adedc04516a5
48,ct.bat,112.9 KB,2025-09-07,92b51b2dea60db7e41dcdb01eb043b756ac0115d6a426b2d740daca149c43592
49,agenda.xls,213.97 KB,2025-09-05,d1b3af2aac6e53c99855a4ff9760c74794a28e46aa10e9f12c735a4d16455011
50,public.cmd,72 B,2025-09-03,be7c5b427c59a8e120b77ef7f7bde4df2447db43369d481ecd7e75de13c00bff
51,commented.cmd,137.97 KB,2025-09-05,ae16a20ca8f57e7058d4b3c0a30ecfed4e475c7f95d7da10cddab3f30374d04a
52,elmar.xls,140.65 KB,2025-09-02,d5ac933c26e8adb69f16590dfe735c0911672afd9f13fb3932a917e67b5f0d5e
53,preserve.xls,161 B,2025-09-02,e545defa17dffec79aca63ee06326d9c5973efd231864f5a457509b5c981ed9b
54,emailing.bat,133.08 KB,2025-09-07,77c8801571f7523747fdad8022e927a21400dde90ff32bfbcdf17cd2df5b64e5
55,web.vbs,24.21 MB,2025-09-05,11be0fd7563c59fe17291b5efd67011987f22527a8ea2b50ddedc2b33f48920f
56,background.bat,8.86 KB,2025-09-07,15136245454d3b88e5f32ec03e2a9770f6ad9737ea593d6e6ae343a290289547
57,props.mdb,260.91 KB,2025-09-09,8cb7ab498f35c7cb5798658c2c48b169a75e53a9644e57ae985abd42053d9896
58,translate.bat,24.04 KB,2025-09-05,36535b10086c618afb1af08b95911980af34ddf851333e40fd0c87f949eba4fb
59,sitesearch.cmd,131.86 KB,2025-09-08,d401db1069cab04af26c6d2dba57cf9c7f874e3ac0c5479bba959fb2351549bd
60,monitoring.mdb,173 B,2025-09-05,87038e33ad564ca09e7234382c4f2c51f5c00781b77f939930e3e0997f4a86f9
61,logindb.js,57.56 MB,2025-09-03,0959aa34af94d73e8401768aaf1505d47052e7475331ee3c5ddd81159183f0e8
62,miscellaneous.js,108 B,2025-09-06,82e5169c4e74ba434faa62c52bdd9e1bee897b89c9deb9dac33a965ebc224d5b
63,languages.js,35 B,2025-09-05,07e0fc0aca5cf56aa44c3351f45c814a24ddfed71c2767a5355b37e4b0fce21c
64,upload.mdb,70.3 KB,2025-09-07,05cd4a985df730b0ccfe88e9599fcb202a0f9a7839807b79615e7b1d0ab5fc98
65,itIT.exe,11 B,2025-09-02,419db44f4a8f5179e3118e56d9d4ddca4ef894c9a79db30e9c670f6e4b4867d1
66,connectors.vbs,135.65 MB,2025-09-07,5dac47acfb17f838f10c3932d5b8619da955d2d3bb974997f85624452acc919e
67,columnists.xls,10 B,2025-09-05,49ace0ac73bf727fd68b9197715303d1b89f6ea9e925de7a67f7fe8bf6325bbd
68,child.bat,48 B,2025-09-07,81bdb97f814e89d0d93e12081c5cfd56791a597ee8c9e533809db3b368719eb5
69,europe.cmd,165 B,2025-09-07,f016c3030acb53343f07516bb7373863424b48baa3632d3355ffda352c29d980
70,informer.cmd,5.6 KB,2025-09-01,6f84e7e8d7dca71e3e0e229478f286186552bbeb214a7d38b01a681daca124b0
71,guestbook.js,97 B,2025-09-02,3726563dd5a8702166585b19bec7c9155aae64e2654c7770735fe548d827d36a
72,openjpa.js,164 B,2025-09-09,d782ec8d05367fa6962ad662b34b336e8cbce328fb35c6d3a9ce9aad7a5c9181
73,400.xls,7.92 KB,2025-09-02,85e76e097545b8b54ae4dde824bc714dffd6419404cf192976b1eebf87c26077
74,callin.mdb,75.86 KB,2025-09-03,7c041dd0c85a7d8f47ebdd760257475778f3c111a6ddf0cd38c53ff4dd8ff399
75,2000.cmd,34.71 KB,2025-09-06,8d6d5e6bc0fc360abb7d4c86e83ea5f233b6c888fa87db55e597c5491287a679
76,DB.js,20 B,2025-09-01,9e50a4b5353b29c3baa04ade3687dd02638e7ee23088d8ca17b9fb51bf958e6a
77,bottrap.cmd,126 B,2025-09-07,15ee14b39f0d5a887bfd66fafff96d8e1f8d6ddf31f9ca36c55afdfefd739a30
78,sounds.xls,30.25 KB,2025-09-01,9f371f5d8e1dbdc74481f5358fad65f0ec35a82a66277dd3f1ffcb55cbbac38e
79,defaultimage.cmd,4.66 KB,2025-09-08,41ffe0aebd1fb15abfaeb69d6af16ed2f1835dfb37c75b0321b75e38c69ad93a
80,logger.exe,34.43 MB,2025-09-08,b297cf0b4f96ae1f9e198c39ceea7c27514222e797e8f6261495d7e768f2982e
81,tail.js,191.51 KB,2025-09-05,5c54870da5f65bd73fee0a8638db0c06ecbc86c1149d00228cf45ca8c0602f01
82,outline.mdb,80.07 KB,2025-09-01,3cc0023d6606d73d42d9b3f28bd78a57d736b4a159d9f15ef2c582eeb3189549
83,mytagjs.js,223.26 KB,2025-09-06,6885a28f80af4d28ee8e644e68c56fe2c91e80df8c36ea73862b35caa78f8ac2
84,vip.exe,141.75 MB,2025-09-09,84a9bdc414029381d9a9b5196abf6e3576fbbfcf53c0cb41d97a193e0280092e
85,up.cmd,82.72 KB,2025-09-06,feceffb30e8c964a3c3705fe2c30e3bf969e52895e7e413df120ead91409f3ac
86,wwwboard.cmd,162 B,2025-09-03,5d5cd6607dcdeb03df904e21275f85ad7727f02180dbf75ef715d90d65d595a2
87,web.exe,159.84 MB,2025-09-02,16c41c2880b958cb8cf19cf2f3231527a9cfcd1c06158c37224b022064e3ce95
88,scripts.bat,133.34 KB,2025-09-06,44abc12a46ae47357a91cc73ba849b1cea4b8db7c934328ed6aceac9136e37e2
89,ubb.exe,4.0 KB,2025-09-02,b2ca07adc741bc72cabc41e1cce33339477cd469f5c4919597f7d99c223257cf
90,configuration.xls,95 B,2025-09-08,36cf8807fd13bf59b8a7e8665640c790530f094566884a266bf33db3646cd6e1
91,ticketnew.vbs,7 B,2025-09-03,dfa42eb39ac4e9d14994057b091eb3f0c6c550c4d7872ea170ad5512f9d48fa7
92,stuff.mdb,59.42 MB,2025-09-07,20360d56c2f0929ff77226064a606360050bdb5ff928c581c4b33796d10cf79c
93,2015.bat,49 B,2025-09-01,1381cca7e8e072f6ba7b8749178e91ad42ebab6001fb34f4d1690fe60d6a86a4
94,sysadmin.xls,108 B,2025-09-07,ebfa2224dbf0d3493442414f5339718a179710f03735696e0d789b0363b931be
95,mdb.js,33.55 MB,2025-09-04,a6ecb235fd658cdc8ec430e778a349fac145255abde7459f5494ab3443c764aa
96,end.vbs,30.11 KB,2025-09-05,f354e615b4d702f99dbaae4e8891203f596d101d0a5583fac30ad1e6b1ffef5d
97,noindex.cmd,21.41 MB,2025-09-06,13f40c971ba7651adfaa083109735db455ff01c22cf195a95f5bf4d7f23e24e4
98,uploaded.exe,38.72 MB,2025-09-08,8a2a41ecf60563d0fa0e2c541d3f5291a6068780b5ad5231ae8eb64926196f11
99,solve.bat,35.48 MB,2025-09-08,928ea4d0881f8a5544b9844712eed187a3e71fba4dbd43d2d6b673627c16a650
100,phpEventCalendar.js,71.16 MB,2025-09-09,1b1ae3e56c116d799c5e2c056862fc41417abeb52ab3b0a87312828fcf2c1aa6
101,settings.vbs,74.35 MB,2025-09-07,de79ef13d0aed91568d37188a96a5bc24c4722e7a02c7c6802383df8b7dbe596
102,update.xls,110.93 KB,2025-09-06,3aecb9f45087b862f29f0394685a8699c1ca1bcf79e38c5d9d3ba5b818e45eb1
103,aspnetclient.js,90.6 KB,2025-09-01,5a851a0df0c40ab97376e223efb2d7d7e9edbb9755deaf4d26171edb8756e11c
104,frameworkblazorbootjson.cmd,33.03 KB,2025-09-01,120cb7493ccb66e0af21129753592a4a14ab5becaa6deb044a969889e0f9dcac
105,drupal.bat,120 B,2025-09-06,43a07c2812bb19cd4b6fcc683ea1e1149b6ca6a349c9dca874489b75e589a1c7
106,ewebeditor.xls,101.31 MB,2025-09-01,fe9975b90c61b42ce78ade6a9b26d69aaba2be50333e16855fba32c6279bb881
107,catalogue.bat,73 B,2025-09-01,bfc300cafc235ae8b06980fa8546f06dab3af03a04e7f53bcfec27e9b2757d4e
108,ticketnew.bat,89.88 MB,2025-09-06,540426332e94a805e9308751ccde300d4b063fac4401a1cb0876f08da5b879a7
109,webfmsend.xls,123 B,2025-09-07,d4fb754a22f64e5bf864b2277f0bfb10e9f95e721102f1470f46892d99b5cfca
110,xxx.js,110.8 MB,2025-09-03,7d67d6d50eb0de0d1da40425e614e016076a63816e6399b60ed5580ed36b5f6c
111,sun.cmd,11.66 MB,2025-09-09,d452961a67f901ab23897948436e726b454bf640afdc177bda48fda382ba1ec7
112,model.vbs,112.59 KB,2025-09-08,dc842c38bc8e4cf807364ac798889716291ab4e4e5db6fb74d6ec6e9d656ec38
113,pre.bat,9.22 KB,2025-09-01,c6ea60ae5cd9202dd711d0d157905c511ac7b24e5b643b7d4cf25815bf8631f6
114,line.mdb,174.46 KB,2025-09-02,c2399c2d0c1485151181ea2b341ec46e819aee1ed41e1797686a6dacd169c82d
115,referer.js,114.26 KB,2025-09-01,1ee28f48c0a3b8a3f8b3fae1567eade9abfb11e1ea71cb1927c86f4d9ad3921b
116,daemon.bat,129.67 MB,2025-09-01,49a4681e2b7eae33358b648069aa7848746054de91266490381f9b6dbb1669f1
117,newsadmin.cmd,5.93 KB,2025-09-03,2a47fdc1d6f0e8c4eb9f58b170e6bca9a7119d7a7525ef39b88e6e67dd6d20c4
118,regional.mdb,69.31 KB,2025-09-06,754fe7ae6d2670e290ce4abf90439069c11c39a058d61a677de69002c5f766c4
119,m1.xls,36.85 MB,2025-09-07,1eb3fc6e08808e480f1843375b0b3da2691b82f72bd80b1a6e91e0d729a8a36c
120,errors.cmd,203 B,2025-09-09,a8bd4c12f76a705d0ecbc86e6f74aff8bb182023fb06d4cc2cea9e292e058333
121,cn.js,100.64 KB,2025-09-05,743c39821206309eb02c99583b46d2c4ce9080ed7052e74f6c090b5aa34a8cee
122,terrorism.js,151 B,2025-09-08,ca675f8ae7b993293d909b13f74cfdf885b45ce5334898c5ec0f7fe4d6f4260d
123,option.vbs,95 B,2025-09-01,259cf68df91ad73563dca0e90b50168b608700f1edb60b4769d202822595fc80
124,kbresults.exe,149 B,2025-09-09,9f0f67c908789b22abe5a21917869622dcd5456da5877ae9482fd8993720de80
125,table.bat,161 B,2025-09-04,d01ff0aaa6efd9d9349abfbb1fe7d5badf8375ad0b90c28e155dacbcd91272da
126,social.cmd,87.84 KB,2025-09-01,d56277f378cac69eabd5681f267d360b3a45269be7404d2e05d2f4c371642dd0
127,iis.xls,169.89 KB,2025-09-06,b9c94bc4a67dd580d4c0836d867a437f2c8c0b0c93961c82255bf2e3c62375fb
128,12.cmd,234 B,2025-09-04,c7281976035dfd88764f19b30faeb77fdc8fe601c25b4f3572fa374f40260323
129,roaming.mdb,33.18 KB,2025-09-05,5d93573ae8e6383e6b9200b4919d787d3c8a6dc03d421ab396f005758d2e4173
130,gitmodules.xls,108 B,2025-09-03,53e5aa5ae53cab9a3dc34df03dd7efc5b39b45050bb0bc6982f9f3b79b78694f
131,imp.js,4.6 MB,2025-09-01,29aa0ef73491a949024384e76360860f2a035a114f16faad80abb9536ecdb08e
132,sbin.bat,62.16 MB,2025-09-08,f5ec6473acf63fb35018b49c1779b50e30359db5cc4cf22b28b2ef149f101e18
133,ct.mdb,192 B,2025-09-07,04c508d759d50d819a4bdb1be6cf080344bb3a8abf1ac4e463e5baea1f5ebf5c
134,config.xls,82.83 MB,2025-09-03,eacab33520e9621f82c16d3b1ac3ca187d97557bb05f9ab83f17a3da9c4e1788
135,bt.js,23.39 MB,2025-09-05,07445bab3c41db661abee448000e65951bd24fd59bba1cf7c4aa81f03fc56e82
136,netbsd.cmd,18.29 MB,2025-09-08,21b39cccd70208adba9ccf31d09cad695c79f2d06f5c3a5c5778c80caf31c588
137,environment.js,41.23 KB,2025-09-06,8272bc281656ec490e0fc91fd386910837564cc702db97d17dacf4aafcda574b
138,reusablecontent.vbs,223 B,2025-09-03,7755b3f6f932272590b76625fa3b8be9d7defe2c5b03c2072dff3693694c4f63
139,indyadmin.cmd,68.3 KB,2025-09-08,9b0bf6b5c961345e554e8811d7ee611e4fc0e7171598c7e581cc84602d5e8670
140,motonews.mdb,39.48 KB,2025-09-05,a852d2f62594994d8cbe9aae8250c27833ebb5d19ee403da7e953351035bdd62
141,humans.xls,5.14 MB,2025-09-07,fa41535314b7c5a62d13b2d952b0b40de1315fe510c6bbc83a20c7ab3677516e
142,phpinfosphp.cmd,46 B,2025-09-05,e429bb80c295f4d5db885fedd9021dda91ed673c966b44644611b8eb68ec753a
143,pconf.mdb,117.5 MB,2025-09-08,4ef897b294486ed8d5512378b75a53ba0d2dabf6971625fe614a56582ed1aac5
144,national.js,61.78 MB,2025-09-08,66f1308ef6d753956d822a6669582a6049433af9d2d78be3d594075038722c13
145,premium.cmd,49 B,2025-09-05,c82c0582c872ee1e2dae829afe30f73916ed64332241f13782bd70e48f5e34cf
146,compiled.js,219.54 KB,2025-09-01,a17b1219436ec2213b24f7d4911d60fafaa755a57beced82c3ac4be3a5fa78d5
147,element.vbs,218 B,2025-09-05,e77e471697a4debcb7035018cb9aac2b0411ca3d5225a1c274575b65416f69eb
148,getFilecfm.js,301 B,2025-09-07,ae97a6f5b3e149ddc3b8a16c4af9198b79691024b22c771889eab465ee7d7af4
149,prices.xls,220 B,2025-09-04,6c004544a0b6bdd014d9be4967cc5615f0ef9bd5bfd8f90dc127ec6b7a2fb702
150,mission.js,44.5 KB,2025-09-09,81623b152be00764d956764950513765101ab23bb530e9988921c7f4f3ae391e
151,moderator.bat,46 B,2025-09-07,d397f0d31767cb0e1ee8c10d3f66f1c9114ec4a72def0583f1ff94a9710ed84d
152,sqladmin.xls,158.57 KB,2025-09-07,a09f5fc690eb653f734a3ae09f25c7dc7bdb7bf8b36717bdff651fb6b4e3e196
153,acc.exe,64.97 MB,2025-09-02,4f7a2771e2148aed6833abe43b27c98bbce5f844b86989ae0bec51c62e503fd5
154,zt.cmd,22.15 KB,2025-09-07,85689065da75bcd168151eef60f586ba2d9f722798583f1f63c320e289d896d1
155,ee.vbs,189.4 KB,2025-09-05,c99482081c0ba081c2d490264c62f1ade14e6387bd9c71a33d6e7355b260cdaf
156,checkemail.cmd,190 B,2025-09-04,92d551e4e994c420b9c9b04eadb8b922383efc3beb77a769fd0d0aaffa66762b
157,imports.js,233 B,2025-09-07,324e5760276fa6aca3db05528d5e1f1dde771cb912e14fbcd5af860a8d501bc0
158,metalogin.xls,66 B,2025-09-02,23991e5fd4a8381b799164eb977831d159abaaf3f60cf688a88ede10d51eaead
159,action.bat,9 B,2025-09-05,cf4e8b1a9640ea956c5027ef30e738725b4e7f3cb76c3683b44b567070e0d31b
160,playing.js,45.92 KB,2025-09-06,8c93f032fc2fa5f9625dfdb5a30227783df26d789f9fbc0d940e1c7b2b4689b0
161,exports.vbs,43.28 MB,2025-09-03,6cd2d6dc5395da13b2e0fc31f2f8cfdef502ec8088afa72c134165219f39158e
162,kernel.vbs,97.41 KB,2025-09-08,49097215f67b4d4b9e6e6274e19553b9dbea1150bd82d325d50a68023d72e3af
163,minute.js,192.87 KB,2025-09-06,a3a02cc416a642bbc88fa67fe50f5cbbef6a4588a1490613dcaa9de1d9e57665
164,infraction.cmd,39 B,2025-09-05,3d6af325be00da42a7febdfcd6bcff012f30609fe12d7fe1cdfb5124bd5668c4
165,administrivia.js,183.23 KB,2025-09-04,fed65fdae73a5cd5cf951fcd52f62e41d08df989054b62f6a83e135b2a22d8e0
166,word.mdb,10.44 MB,2025-09-06,87635c1de33a15fc7b8b1c919a5cccfecbaea7344049eb6d8b5881897169595f
167,boilerplate.bat,163.99 MB,2025-09-04,7a99864321177ad77e7adb885f770f12367e7ca522a5f5d91864f8b81a393346
168,images2.mdb,14 B,2025-09-06,235fa83349528360513ca7dc4ceb56c947e3921dfd608c9e717589318392ce3d
169,idbc.vbs,20 B,2025-09-03,62c07875f9ca0c31a878860c8153216f5dac5c7f331ae09b7f9b652aab9f634d
170,solution.mdb,146 B,2025-09-06,e5794ad8f14630986175be748e9dc92556599975498096b6911fdb0b95245350
171,social.exe,98.41 KB,2025-09-03,d31c4c29ae91707a17a66eb82d52af4df1be238d14ce6f0008652b267324b94c
172,applications.cmd,140.05 KB,2025-09-07,0de2cbeeae216f6cce20ec83103008998d9bf7d49d08152b15e28f3a2f1209ed
173,bar.vbs,175 B,2025-09-03,a69440c2ce569e6189e44894dc825f90929b9ddad1eeb9c4238d52520f11f67c
174,landing.js,24.9 MB,2025-09-09,831048a50f9cde5259ff324f1c7ea69e0eb34c3f0d92297bb8c662df72eeb357
175,administrivia.bat,74.22 KB,2025-09-07,6ef15cf94cf67e495ec34a91b710bbdd92090344aea7b84de161f529f2bba221
176,adminsql.xls,130 B,2025-09-07,ba8b1c2f72323483d157a17c7ea479066b4f829f3d8b41be95cbefdaf8be88e9
177,recorded.bat,72.85 KB,2025-09-05,3a2b4b7eb2828428cdca2cfc4ab2ffa145de45eed845b1bb335c9d323dd2f28e
178,home.exe,148.18 MB,2025-09-08,fe6b6bb185bf1336eebafa45de58918cf7c96933f31838614155492b26daa55d
179,scripts.js,70.64 MB,2025-09-01,121659a4dcf81d4c81608abe2817ec9f7bf3bdae16f9923eb9ac3cbf87917e01
180,claim.exe,39 B,2025-09-04,1f6e9e5c3b75d42807118ef799dde81001db2f605e7db8b4e151540da019e8a9
181,flows.vbs,24.39 MB,2025-09-05,0545aac517c923e102d1b27e8b59b130aafec69d56b1483b19bec653d6e2e43f
182,yearly.xls,159.61 KB,2025-09-07,96ffd8f05effda6c50f9942bd328574e5b6972863602ff69239b14d1a0622e77
183,cgibin2.xls,22.08 MB,2025-09-06,85a6900b2b549f1eb156fa1cfd238f6e828ab59005fbf970a8570ba4e588be4f
184,notes.vbs,67 B,2025-09-01,9ab1f182202fd7b7ee521abbeabb0388f0f8987665633feb241f735a45d1fb3f
185,virus.xls,32.76 KB,2025-09-06,d09e17a7bc735ec085a4ff9eefc92f6d416aacf9ffcf7eaf4575ac2b79127b71
186,git.xls,64 B,2025-09-04,0d9ae08cf8805a26572768420065437c8dff2840e407c2b0eb06f28b7b814a63
187,zipfiles.xls,31.7 KB,2025-09-04,f49a7cb1a01469cea16d770ffe2bba89875df3c71c5e6f1f48aa5e0451a259df
188,sso.vbs,24 B,2025-09-01,01db5089496286d839579ce2fd5c1bcef1bce0bf7452d0020b9307ad3a03bed0
189,sqladmin.js,100 B,2025-09-05,5e4cf2445c70fbbecef1128eca8bb93de0eadeca890d5851c01f92402b50961b
190,gettxt.js,82.49 MB,2025-09-02,0438719706274c63ced72e9b52800143ff8462c15e3e243a964ac9b9a7ccea0f
191,2018.vbs,3 B,2025-09-09,04a3df04b5749d351916a2554ee3d69eabd33996dc711aba51c9742ebf8869b9
192,descargas.xls,47.85 KB,2025-09-08,f8e41116ab25d07704140d2bf58988ed9cdd50eecbce0da2315d748a13452a70
193,mem.js,37.29 KB,2025-09-01,cc4496397542a1e08ac75394e79a594c05b6f39cc4afd7e7ee0aed1d460ad3eb
194,device.exe,86.04 MB,2025-09-01,23a5c23150fc490ac7e6507187542a96266c810076740228d729a251f4cb0e85
195,passwd.vbs,55.26 MB,2025-09-04,2db6cfa9348f4b2feec6a9994d1b0975a3802ceb9897f23197fad6e73ff7844f
196,ldap.cmd,35.53 KB,2025-09-01,f061875696445c6d5bb4141ace5a9e560fc3356da2f07dce11ae24a199ef989f
197,intra.js,8 B,2025-09-01,63618bc90b7780fec3374f16871d65c1d00ae6abee5978b65983704edd65afa2
198,systemadmin.mdb,144.81 KB,2025-09-09,354d838fc35d86400f0c6de76301429660fff8ba319a0d23d1f160b0c85e2efa
199,decrypt.exe,29.33 MB,2025-09-03,cf08183e14d65762220d68239b31b3160f80287750da56e84888026fd800a819
200,attachmod.bat,72.0 KB,2025-09-06,b26d5636ff2d15e78e7aa4b91509b0d6cd3bb896b7d39622635d14635a524461
201,military.exe,156.56 KB,2025-09-09,15ac3a6fe5cd05175a8043db2a6c796a7163af62ca4cf5c695d2613389f8be33
202,caching.exe,168.96 MB,2025-09-06,48a61e7ad2b3e9ca54129d329c0709915b940e9a98db45a1fc2767487fded5b4
203,adminarea.js,78 B,2025-09-03,428deb756752d346d8984e24a6d7e9ccf136812d3bd1d1eb215dd0b12a604217
204,sem.js,27.78 KB,2025-09-06,1c820b8aaa1d0fc5e6a21e69068a90526147dc9b62250052477ba1611a7121e4
205,fuckoff.exe,62.2 MB,2025-09-06,75cc43df6b186cdf98da1169ddfc945f05ea07f8cc8a5c999a61f36cb35cba12
206,commun.xls,15.6 MB,2025-09-08,5eb24b1864c21c1601653f3a9813f822981506e57f46dd73930b8bc2aac2f021
207,note.mdb,197 B,2025-09-07,69a52ee3ba32fc38a5aaebac5dfe6469ca71a8a90cac7a1c983f31f1ee31bfbd
208,fusion.exe,49 B,2025-09-06,3dc5dbf9be4f6d3f221ad78ee1c8d875ecc97eb8ab7de1f050e8084daad49d07
209,plus.mdb,82.93 MB,2025-09-06,4e90a60850942dc27a5974d6c067d335886bb9e598341a4c1c4600e3b3c97b12
210,edge.cmd,110.92 MB,2025-09-09,21fcc9a657149ba2b55cf90bb903f9ed1973f699db45970c34b5777a72f0402c
211,weather.cmd,141.02 KB,2025-09-01,518ca2dc1cded11ef7178cf78c2789065c4e645c30aba9314359cd7265409f88
212,checkemail.mdb,83 B,2025-09-06,572be387cfca3de36b907b4a6a188e1e903c35ef732b8aba110e1c0d30bbaf2a
213,hotel.cmd,11.39 MB,2025-09-08,cfc87762e8ae44c81cdd5da47a8a6f5361713ee2e21e313c0ba4364f86883ea7
214,popupcontent.cmd,21.72 KB,2025-09-04,2a77cdfd520ed1b2db8805631235b9d29ee8d38b4d57e88d404013184f181d1e
215,entries.xls,29.01 MB,2025-09-07,34094ecaac7241e3261b654fcc952589fc7b951f399d3a7fa931e892a3b9c052
216,finance.exe,75.43 MB,2025-09-07,3f9b9153b990b9303aec11812f459ccb06256ea96f4eaef34c767fdc6887e868
217,admon.mdb,123 B,2025-09-06,de1b99b2a79823deebda1f42a5f2bba35a30e380d46ab5bcdefc1ab7046d02ec
218,jpg.xls,201.91 KB,2025-09-01,95f74e52a3057dd4b3d2c41655792ca55bfd5acaea4b245fe452195d7a40ad6c
219,meinkonto.js,89 B,2025-09-06,ee714fc917205b9a5e1686ed642b8454aed42a619188ba83330645ed46d94cc9
220,newticket.xls,50 B,2025-09-01,f7b0b0afdc25d2231d381a2bc198b26201608c4e42968f3fac1d96f8cbee3f84
221,accesslog1.cmd,137.12 MB,2025-09-02,293ad854387a126235d1d1b331e0db70abff28c0f950ead923603d8ca1f61625
222,doinfo.js,8.1 MB,2025-09-06,4127f9018256cb72672cdd47329bfbbe5ab3deedad991fa7daa773cbeed06ad8
223,mods.js,27.61 MB,2025-09-05,473ff13718468c6516271a63667cd436b9b690b25149e23dc9abf6951f67868f
224,intelligence.vbs,60.57 KB,2025-09-05,257f3274bb599e223e31598aa012cea36da44f8ca67bd36dc2695b066c18d88c
225,funds.vbs,97 B,2025-09-05,4bff616d5ae17b229555f1b620a01a085f2580a4da7ec1ce3db555f1431e0762
226,htm.bat,25.09 MB,2025-09-08,cd8af12521fd7b6746a2c0c7fc0e90723afbad0b3d16305da3491115644d73ca
227,hide.cmd,46.13 KB,2025-09-08,97a060358a5509043567c08a0272d34b4835f612808615545e5f4faf1c2c61ef
228,ptopic.bat,161.04 KB,2025-09-07,c9070319ec47fa89b61e75cfa7098bb0de3c93a223207ce2bd38a30c2a2616e6
229,caching.exe,92 B,2025-09-06,d31ebd5a8adb4474032cd27a91b40a9e7b9adc19c960f379288527d9edc885c6
230,langen.js,7.96 MB,2025-09-06,eb69c9b1100ae54923ea132c3504cc996e05ec46d03a478ed1d9e9b43c48d1fa
231,sv.mdb,45 B,2025-09-06,8dacc8bc2f2f9436e1445f00f57a8754bb65ccb3bf73d6ff7e73217be46d24ce
232,wellknowntimezone.mdb,82 B,2025-09-05,413c12c7fb5b9ece0c436192dfe84a43f5947e90b64ffe1a6e36f1948411f02f
233,fortune.cmd,1 B,2025-09-07,b3a8c2d69c8501859c3fc77da9bc144a40e5b686434774dc47c20ffae6092a60
234,checkout.exe,117 B,2025-09-07,a4eb203d36d4aba93cd7512b320c295d38516802e6d8bbbd6ea69d43ef6b8f1d
235,1991.exe,47.39 MB,2025-09-07,d82ef9d7cf0a0ec4fb180ca58f1684f1f7c7df4a8abcb33de3fea44cd4cb4187
236,b1.bat,121.76 MB,2025-09-06,bf0f9041d99339eae9d66dee812b5e66904d040ac6bae044d7ae8ce9ec723ba5
237,ui.exe,87 B,2025-09-08,a016d0b586388ce0ab4150582ca4a58a6a878898c60fc20addec2e1196a59479
238,omited.vbs,121 B,2025-09-01,b0d11ea43939d12a5c8fa1081c26b891b71a2e41852faa521c20277a8a94a08c
239,win32.mdb,182.8 MB,2025-09-06,2cb5b0096b1074142f6def19f90e541bbae0a5931ff5fa269b5047076d6cf89e
240,terrorism.mdb,178 B,2025-09-05,9ca71aafcfc6bceb7c19ed28603130dd3d7d8b87ccb6fdf32518376eac5bf062
241,database.bat,53.18 KB,2025-09-07,385e088cf8591d847b639864075b6cd37f7857ca2a516d54c7558626bcdc53be
242,sunos.js,8 B,2025-09-09,45cadc6bdd9e571e8e86c6fc79a5c3daa63ee3b77093eddaed60a8de7f7cd523
243,gl.cmd,197.96 MB,2025-09-07,0857a1a5d814e9ea1527710c39e1ad6c5e1f5094193ededcb0f7512748bb1e11
244,vid.vbs,57.52 KB,2025-09-01,b95355bb2f5dea6c06d8b78181a8f198b46ac7aaac017ee8421aa387828d8c5c
245,obsoleted.exe,16 B,2025-09-06,3688ef31af99434b4453962532f89416a4a2a9938f5a2fc4e7dd0643b26fefeb
246,asset.bat,46.82 KB,2025-09-06,ca19449ce358e6562a242fc8d986add4c5d0a7ea9277e9f75acb3a25ad1c4574
247,webagent.vbs,115.87 MB,2025-09-05,c367b7d552bdb00552541f402ad49ac7e6f458225ba317dae0d9faf02061ba24
248,reader.mdb,65.15 MB,2025-09-04,803bcebac5d07695690046f4824caabc3cf7dc5d9abf6afc804f23b8775d1a91
249,termsprivacy.xls,75.15 KB,2025-09-08,3a812e6af615e014d438262993095c151db6f684dfb024cf4ab6bb32429b09d7
250,java.cmd,136.24 MB,2025-09-04,1b16161e421059e6123b76e13a20ed6530705abba240204880303c51d2100318
251,ebriefs.cmd,305.48 MB,2025-09-08,a76aa99fbfb5f5b748bd699b9c4cf49ead94f0d54461b7ba28a36b905ae58f56
252,archives.vbs,113.69 KB,2025-09-05,0cba23501cd7329c362638ad8a11a651573bd6d82ffae67a8a86fa3fd8a13947
253,decl.mdb,94 B,2025-09-01,8f6192a346c60960e49f783307163d2ffb803cbb3d9920daf8d3e386ff1bbd9c
254,gs.js,87.99 KB,2025-09-01,e65e0dfd4b38f62f6873896b48ebb8a53a1686c2da28493ce4f8e22ff30cc35d
255,bannerads.cmd,111.98 KB,2025-09-08,bd983ad872a0a05d89320d7c125a022a1a63eb2aca6cc113f1248080527f3522
256,choosing.exe,22 B,2025-09-08,ad79a344add0f1c79fdda2204b26c8f1998cb1a52bf88420949917d1275ef630
257,specials.xls,130 B,2025-09-05,09fb5d3db4984d37cb86206c9c9579faefee7ebf86afc9e7f3ab10ef79aa5027
258,subscribe.mdb,180.01 MB,2025-09-09,fd11014a15139812b5b6e74f1c90d998ace4ab85564e7d4d27092dbb1480d406
259,industry.bat,130.39 MB,2025-09-05,6410e54d7aaf90764c7ca8583cc90994ae1d5ce56425c1252250a05465d0e08a
260,xmas.bat,14.63 KB,2025-09-02,a866053959974c66abed8f73fb3705aa503c6d422a20f377075f86e6d92245e4
261,profile.vbs,122.08 MB,2025-09-06,1799b9f582b24d46d965098a09d4ac8238efb0982c9dab7848e2dea40b78097d
262,include.cmd,1.74 MB,2025-09-05,61d269f4ab05477f1569809c85b1bbd63032924699f626081ac4a72cfc06eacc
263,guess.xls,189.08 MB,2025-09-08,6d631ba531b0471deabca17117ed835475ea80d39cba51861c425befa077b464
264,analog.mdb,68.0 KB,2025-09-06,a94d0332638f39bfb30fd549bb9ef4e00280ca46a2d7a8b70c2939a5c45a0b60
265,ipod.bat,175.18 KB,2025-09-03,31e38885f399088ace02be2f00eb60eb88fbbaa4e8db91cf1da6a7b1bcb206c7
266,shows.mdb,46 B,2025-09-07,12b19c1ca493b9a7d111188e378cbe6e20c2952ffe41ffb0b103092a5d616aa2
267,sources.exe,216.36 KB,2025-09-07,60710f696a006a3b17e47b98f8274be6db388bfcd5aa3cf45d08c047a4a091a1
268,mobil.xls,43.62 KB,2025-09-02,d35e6c0b5967ccd758d2fd5699c87138b79f582237a107d5664796503250f9d3
269,qinetiq.vbs,10.42 MB,2025-09-06,2f30cdbd6b249ee0fc80df6f87f340222e9bdac977dd7601e0ae7f16e70ebfa4
270,ver.mdb,187 B,2025-09-04,a5527faf489743723d1cf10a3d7772b97b0d59e41176c58a0eb13a5e4bf5b348
271,W3SVC.xls,161 B,2025-09-01,8cfb585a8c35d8686167578992238bd201eb03e5a1be1270ba77c57c1b1075fb
272,bob.mdb,132.41 MB,2025-09-07,fa49a064955e00a30ea98fcd50e43d9653b1dc63d7f3ecfdefd21c15313e8997
273,showcode.xls,88 B,2025-09-02,fcde140e331d79fca17da82748f2a3a1dcc98691dbb5b9f3a5f56ce7554b6e75
274,theme.exe,135 B,2025-09-07,4a4316fb6ff9e831bafd8f510dd9e6a7e334fe84c93d657b371496c8ae82c30b
275,clients.exe,203.87 MB,2025-09-08,d01eb1424198a633f16a044c6ff745139b92f904ffcd94b86b93560003834586
276,error.mdb,115 B,2025-09-08,81f0b38cc92aa4dcfe40127d7803dd1f5417c5152a323a80b8b1192ce2ef22d8
277,yahoo.vbs,110.73 KB,2025-09-09,ca830bec7a4f9f3311aef3978771e0f93809720c8d8999bb7a127bec7c7a91be
278,defaultpages.vbs,98.73 MB,2025-09-09,2e36b8e89f56bc25016cc4647c4b75b0e4aa414123a24fb8570146ada14f7d92
279,systemadmin.xls,61.72 MB,2025-09-06,e934468df25043f6de8bbd1b7b92bad5437e687be4c7cb3accc989c29c5321d2
280,teste.mdb,272 B,2025-09-06,294b0137b6d5dc6e5ba2f18584a0a6f1979461a7b9cdb4609c144c609a91543f
281,httpdocs.cmd,85.46 KB,2025-09-09,6d0ab90716a8971508fe0f9db45a014c8c99c75eaa0d5c765b49660500d1e7d4
282,configuration.js,88 B,2025-09-05,b506cdf08be0487eb284fc31f027428de7aaa75ac2cfc37f387582f8f59c697f
283,cgiwrap.vbs,63 B,2025-09-02,ddc2719dbde45a9d3a7f09bc03b29d3dd5e1a93b9b4d32ae66404836701b9b80
284,multimedia.mdb,127 B,2025-09-01,980333b38e90340f99e041bb451acbb08c70bb98ee33447af7ec5ee0aa9fe60b
285,grafik.bat,223.93 KB,2025-09-01,c16ad0287429adb18971f06964cad9d3c7a8732c090f52c1ea113aeae0776742
286,head.bat,197.49 MB,2025-09-08,dff91b2698dca9c3695d3292f53a72024014bb9e2ec8cf1225b179f5747255d2
287,fpdf.mdb,94.02 MB,2025-09-06,74b0cf428e40aa49ef3df0b0294ef8c53eb55e15f870c2fa6c86a7334225b558
288,vadmind.exe,103 B,2025-09-06,cb578371b09c81660d092e631dfb254916f959bd3cdbda37c58f8b70845eac1f
289,antivirus.vbs,53.88 MB,2025-09-09,ece085a2df7fa6d0c25ef8394b07cb77706a4a9a7008ea5abaa4be42786b30d2
290,employees.cmd,110 B,2025-09-07,0923a7a03f7e6e71b476ec66640753c9247f11fb0fae2336fcbe4a3e8f709afd
291,book.vbs,116 B,2025-09-06,34c5e48360bcbfdfe9dd17155c3dd76b49c5678199212b6d235d711df8b5824b
292,guidelines.bat,119.58 MB,2025-09-08,b41118b6b26560da5c18f49ab09b0cd1e7a87c76ebd6d5a9bd35a969b7299c82
293,blogajax.xls,76.39 KB,2025-09-06,bf4bddecf1eb508aceed16a1a4708125eb566943ccffa2ec8fb6dac25a43c6ab
294,14.cmd,124.84 KB,2025-09-01,8672e50143c837a5940d80ceebec67c5d64c48f1bf67cc93da5a3d774921c0fd
295,indexphp.vbs,63 B,2025-09-05,163f9d27b5c01dff6ca6217fc2453ade71764cbaa5fc57b841b08b1d85813a2d
296,humanstxt.mdb,65.74 KB,2025-09-04,3129f94826f1839a7677ba29858b7d9056c73ca3a0d62ce895ddfa407d3cf6f7
297,count.cmd,56.63 KB,2025-09-08,17a5ada67caa53689ea4acb61b19f2a99def3eccf353bbb6be35e463c13d67ca
298,O.cmd,218.38 KB,2025-09-09,1886ec805c08d60f32c0659dfb3cb35acb3c4f3738695ffd1d5c7d28e7ff3d94
299,motd.cmd,2 B,2025-09-08,69e22020138964ef17496a8768dfe442ca7c8a540234012f2e2e949d38e21467
300,pbcsad.js,43 B,2025-09-05,90ee46ce86cb31f91a527ad84681509b3e438064e1ff0c2130fb68bd75595ceb
301,hackme.cmd,149.33 MB,2025-09-08,955ed785a320f28dfe9ad48e3dae19c3cd410a962f0c2444d59806745a4699cd
302,uploadedimages.js,85 B,2025-09-01,e55450491eae881314a0ab76515a05350aeb62478a133f62d00efe7b10ca1f28
303,append.bat,15.65 MB,2025-09-08,7ff60c4852f64d21111c2b893f1ab9ffdb17e195664eae738e138ed10c249fe0
304,ppc.js,27 B,2025-09-01,cb5f686e47aa6c73a7186b140961c912494860ae43c555ec1413df3e4a850266
305,productsnew.js,127 B,2025-09-06,67699314ff33855fbf24a959ae78501043b37b902e06c04442a57be6929379f7
306,established.mdb,67 B,2025-09-06,9998fbe99748d695abdee4291d8ed93e9c9e7ad841365b5a4f40f54d3fcbf8a8
307,memo.js,101 B,2025-09-07,072d4992eca8b7131cec8c1f6c7f4d1886910ea44b217f911b943263fb74865d
308,scripts.xls,137 B,2025-09-07,61244c5336671863beb89fc0fb6fb0ce69fc3fc22a6d71b30c0d48f0ac1dc31f
309,cl.mdb,152 B,2025-09-08,32db35347db4c83a49541e60228fe4ef9e6905556a9dddb2549a9ebf4ce4a031
310,cpstyles.mdb,19 B,2025-09-04,c90af2b25532c873578b663ae22705f754d670e4dd9acf86696ddd0d90bf76a7
311,writing.vbs,119.85 MB,2025-09-07,d5e30d1211773c375224118caa1f9a1ddf0b65e51a7f648ae8b6e62ea24cfad4
312,shim.exe,72.26 KB,2025-09-06,780fc9a28cda4f1ec5255a4dc46e1f74f68960935c9c675be3b0c97ea6ca8872
313,films.exe,3.15 MB,2025-09-09,a3b9626d883baff87b1ec116727f972e3b9a45017d1648c33c8f598fb83f31ae
314,feedbackjs.bat,91 B,2025-09-04,edb0d76313fd3cd7a091dbd63c2ac75e3b59cccda4779d2ad73972df565e4d92
315,mount.xls,41.46 MB,2025-09-01,7da2d6ef63c9f4dcb63af8056b8110fdf995aca15f57ec9e0c413073f7043832
316,mms.vbs,11.91 KB,2025-09-06,8fdca805bfcf497873d73e94a6dddf10d214ce24b632a44c1003f6cf1160fd46
317,related.xls,10 B,2025-09-05,c76a778ad5ef5c394e62397638980760a02dac2ef910c26ac1cd594ac512b883
318,columnists.xls,284.98 MB,2025-09-02,1eec482373924e7c1df4f9fc6ad68a9c8bc8874dc49f0000071f185b7ade5b75
319,student.bat,80.44 MB,2025-09-02,7ec8a2cde02c5c2e9c80b8f898c1d5f84a8c5998bbf5cabcea15394b296966a7
320,hard.bat,50 B,2025-09-06,5eb99a5aabc749580c7c32f906d404920433a1b838d3ed9192a3b0fb402504bf
321,session.vbs,126.17 MB,2025-09-06,23bf239c391e9f15b0ca1c5a120ad29c09946ba0bdbdc00749e510b428b71b3e
322,home.exe,81.18 MB,2025-09-05,6fa4962ae45d7d4330d4efbc974f2addf93a67ea01036aaa21bd5e7c4443d6c5
323,bdata.js,88.95 MB,2025-09-08,1bd2338524ebff74d8d932fcabc1d1722da4227048d0f3cfd213e1518dc1bc4a
324,money.mdb,260 B,2025-09-07,4cc3b1717679b7e90759f90378739f36c81ac38914102dbdba0a47a0bacdeffd
325,vmailadmin.mdb,59.8 MB,2025-09-05,b6caf39c5d80e1e3f189a9b8ce44b38fe88ff1e6782811704624520dbfb2096d
326,weblog.exe,10 B,2025-09-08,a3a6544b7dad046b76ae647a479e81fbdc90f54b6a39d0977f48910ec569871b
327,updated.vbs,111.14 KB,2025-09-04,e377df568f4050290861251005040cecd0f16f9151c22af017b8a1a12c1c6439
328,humanstxt.xls,41 B,2025-09-07,9fcb1c45519bc4ae9a3eab476551a1f952f53d89f0d3585b99fe23e92a131a58
329,pntables.cmd,55 B,2025-09-01,9678e4d98bea62a45cdc4e775003dda94010c00b9803874d4b26c7a12d1f4876
330,confirmed.exe,32.13 KB,2025-09-05,79d250cbbe1bf3eca86aa5b0a61eea5d6f7c3f5267ad93428c063f2a3eb27c46
331,adview.vbs,18 B,2025-09-06,c0a30f8aff184ecaee1010f6d2aef094f8404a2f5691b1db44d5c273deaac7cb
332,banner2.js,154 B,2025-09-04,1c831097a4c75465b6f0b6406078f0235c3d82fcae7ab4c16a0ae7a4d481696f
333,cms.mdb,32 B,2025-09-06,3d6612ac2b955e3e39de39d6347d4c18d8dfb1a11c8afa84952d3a2b402a8a57
334,requisition.js,23 B,2025-09-07,0529c50c75feb5b7336cb3401a052926c9bd9e15a5209e8b36314b26d7f5f76a
335,db.exe,52.13 KB,2025-09-05,39bdf866ceb67fc609534ff4d1094f70f7e47f3404bbd15736aa13ef0b159e91
336,bnnr.xls,210.1 MB,2025-09-08,d2f29621132446ac0f0fbe5defc481aa76ac08a277bc31ec12dc29b221e84c5b
337,bd.xls,105 B,2025-09-05,a2da6c1cae17b6afce0e73f9aec7e6b3eaa5203bfb44095ea95917681a55ad05
338,activate.mdb,70.57 KB,2025-09-06,334cf46ed79245c4c2362f262733e70b33d91dc7e4f0312d49c441acd266b12e
339,textobject.exe,63.63 KB,2025-09-02,db71bf3433b1153f2b6377f507c16d07b69e21048ac85779ac7f155085a4f1ac
340,productinfo.js,118.77 MB,2025-09-08,9f370d668af149e567eb07503940d155353ddc0de9ef50827294a1c866464789
341,baseball.bat,190.42 KB,2025-09-02,a1d06626fa88e9db8b50679fb155118017f6492b141aedc97731a81fe9645030
342,2016.js,19.75 KB,2025-09-04,3f79fb37ad5d5a0f97dea7cdd5f330db542960223ce02627b1da85685319ecac
343,cadmins.vbs,251 B,2025-09-05,6bd1ce209107a6e7b86cbc9d694605417f72c80294a1834c3be4178c67c51c79
344,shhistory.mdb,30.78 MB,2025-09-05,28d32e162a71fa0321567c9e824e582e2ebc922f17791789d60b5f81751ad17e
345,translations.vbs,43 B,2025-09-08,cbfd5844a524d2b304adb61d8da68ec71c6457c50c21a6a70de0c1508d02c8a4
346,bd.bat,61 B,2025-09-08,58939606183508eb8ba0af4e27d61b5e76c03194cde4590d46d39b55b04b8673
347,accommodation.cmd,60.21 KB,2025-09-06,0880baf0253d2937b29cc6c685e774776a57e890d3fa6da4114d3d7051117636
348,wishlist.xls,76.7 MB,2025-09-07,0184077861a159b0342dd91906564d0f80afa5de9452ba97bebd87494b22d5b1
349,eshop.cmd,118.02 KB,2025-09-01,e9726da03bdb036945e30b8f4a45ceac1676f9dc146aa9b3fcd14da05a19f6c1
350,shhistory.exe,66.55 KB,2025-09-09,6863fc943c4ac0e6999b60edaad94646bb2b0d1c500bed05b9331df7b61a6b7f
351,addons.bat,47.99 MB,2025-09-04,dec3f40ee6b6e0f1e044e52af8139e923ed9faede9d8d9611e814c072968bab7
352,poll.vbs,156.52 MB,2025-09-03,ddd92619381e25041ebba36ec89f0332d28ed4e88cc0013036b4d8e8f86ee68a
353,mainfile.xls,120.82 KB,2025-09-04,55da7f6d510118a949ff00183435411115c46c53a19232088ecb0a03f3d616a6
354,XML.js,58.28 MB,2025-09-03,ea46e3088e8f15fedca87eac14cec95c45b25ade69539e16a83ef03445f992c1
355,proof.exe,99.24 MB,2025-09-04,58b366107f16200eb24fed2e51e23a586f4e150313ef015bee9d653512fb6fce
356,S.bat,227.05 MB,2025-09-01,fc2bda3ecd5952236d6e1f677c42dbd258f04a309b35a15e9cc93a983e0af274
357,cart.exe,59.33 MB,2025-09-01,2323fbe00f3d726251257386afd162b822488d3234e77d81c6aeb2d6ac34390c
358,requisitions.xls,194 B,2025-09-02,e865ebbdf350292730dc3d2db2c908fc123a0905ae42c592c7787eae1e12b7a2
359,Home.bat,17 B,2025-09-05,c410b23c05089e249aff66379625bbb40275da75bfe3578e371fbb25b57954f4
360,apiexperimentsconfigurations.xls,3.68 MB,2025-09-03,8409895fba3f9441f7d291083d94369531e6c2d6984e38ab1f98ccc62c5ca4f4
361,viewcvs.xls,22.27 KB,2025-09-08,cb1a9d1c9621718ec11a8142dbcae492d7d58aa3d7f07e3ba4316e7db68174e0
362,systems.bat,148.68 MB,2025-09-05,2d4d806a1e7e90ec64a455fccda14e896630c20d5cb8b208a22a010410a8ee34
363,phorum.exe,70.87 KB,2025-09-01,5d39da67753766fe04e3551a77921fe3a16ee52786530b63d907f0dac95759b9
364,radcontrols.vbs,20.38 KB,2025-09-07,8c5434ce7ed10d412e900afb18e9414932a557da8fbff99b2d10dd97ce2efab4
365,list.js,52.41 KB,2025-09-01,599f3f96549c1afe74b1d3c191a26f574718a4bef9581f381e6819eab8e0404f
366,pkgs.exe,67.84 MB,2025-09-01,fc5a703615d5f016e15402201f7c304c8b8522c7b100ab23133cfe70fca260be
367,zeus.vbs,29.72 MB,2025-09-05,9e7cb20fa6f8626c2fa464c13c1f86a03f97effb7125702276ae8c452a32ccaf
368,var.bat,212.32 MB,2025-09-01,64d994baf3ef7551582d3d2c53ef9ab1986f4e25e0c18236dd36d1255f65d5b8
369,menus.bat,36.63 MB,2025-09-02,0046f8cdc9602767e51603c80c29681597c7e3462266534eaeb397b7934a4eae
370,PDF.cmd,136.9 KB,2025-09-05,19ba849091d0983a03d84975b756385cab823a5347d3c88545f2f2f7fb1aa7fd
371,form.xls,39.57 KB,2025-09-05,77936c1e6ec8885569d0b06d74f52411a93d00b04e890031f5c30afbe3b6b7e4
372,SysAdmin.cmd,30.59 MB,2025-09-05,991ddee3afb0ff25eb78405520cc27c28bc596ff45c92e3cde23b48442dd865a
373,tool.exe,0.73 KB,2025-09-01,f42d990ae90e12a1286c4aad5454246ead51df5c051ebb7f2040ac32be1e649e
374,props.exe,181 B,2025-09-01,0c4a743e0c668b7a2a9660efaa4bda8f514be6cb201826f2619f70e516dd660e
375,soapdocs.mdb,6.43 KB,2025-09-05,fef16a30dff41b4445a3d4991ae24a43f73d1be1804882f6a205737229e3a34b
376,uiconfigproperties.js,122.53 KB,2025-09-08,a2ee7dfdacd8c8ed537ff0f9e08e2d239607401bccfec54b68805eee552cf7ea
377,copyright.cmd,91.16 MB,2025-09-01,981ac0389de9dc6452b4f370904ca6d764dbbbd41fb9c6ced7a6b048ccd47bce
378,svc.cmd,11 B,2025-09-08,9fe3cea349b3ec481dc10f6aa5337412f2f5bc38b7b72da6f3a1e05f1bc1d95b
379,helpanswer.bat,37 B,2025-09-01,dc0dbc80aba9ce61d19288f73cc3c726ce7a94c28a5c9182f9232422680924df
380,any.js,177.1 MB,2025-09-01,a26f49bbdbc010c1fd89cfe8a7fdccd9039db7e3d1324cdfdb3007afe64aa933
381,eric.xls,32.87 KB,2025-09-01,5a1073cec4582f378097d0f06db36dd8fcd5f68639910d59f198f16cca87c756
382,Products.vbs,35.11 KB,2025-09-01,52ca396ca033503c1d8f4412583dfbc554b84063173906345e8ee29f7cfec032
383,transaction.bat,35.47 KB,2025-09-09,8ef65a210f8a72b70c87ccdf55b94d146372251cb1fd068827d95bf80ac6ccf4
384,esp.cmd,56.84 KB,2025-09-05,5a49fce32d2c52a78f98558cf23016291e535e228429492b7d267ff3b9c9b748
385,windows.exe,46.39 MB,2025-09-04,067b36f2b309c5487639aa99779d52aea2bd157bf223f22652b6fec0a57176e6
386,embedd.exe,219 B,2025-09-03,6caae4d811542661f767e257ab95b2bb54c1e5046044122697adeefc71467396
387,generator.mdb,242 B,2025-09-01,8c3a1da297a88da5e6adc20c99cb71d656cd769d6782bf7f544fffdf761e2458
388,bigip.xls,140 B,2025-09-02,71cd97b30a6f12d9f33a5bad85514ee418de1c25388283ee21be2b69938c4065
389,topnav.js,80.68 MB,2025-09-07,ab4824e79fc6bc2d543cc17e4e2ce88313926735fb5dcac4256f0ec479e002b9
390,servletGetProductVersion.cmd,107.61 KB,2025-09-04,7714042a7daecefeb2dc206b7fbdffbf1b82cf34f1f51b3c5622f62a15554302
391,xmlrpcphp.xls,215 B,2025-09-01,e79b55fdb898c737c810c732f26c12bfca73e877d41aef455a4fb123e22aad94
392,masterpasswd.exe,45.04 MB,2025-09-07,4889b65570674e8e2543683f411da25ebf73080e4b90acfea59fb607c1d7797a
393,webchat.exe,178 B,2025-09-06,072f97fd424a66e7684d544c63acdb1f8bc85769d67f391f8f05dee3ce05b2fc
394,phpMyAdmin2.cmd,222.2 MB,2025-09-07,28c4e9336b55559891f440854cafb864456d063cf265e98728a4b363c7852fd3
395,traceroute.js,175.93 KB,2025-09-07,bbf3a17cb30e0cb1b52b8f4f5a996c2bce530b903159df893063e3f559c0d5d0
396,poc.mdb,4 B,2025-09-06,5a0c6838d706e60c66ea7b451e8385761b1b3649370ea3e677451fe9b69ec68b
397,starter.mdb,126.7 KB,2025-09-05,920512859c6953c31d224bac280b34be0b8e0202bb9dddccfbbcc5cee8b47b49
398,kunden.js,52 B,2025-09-09,165ccb8a4d3ebd2d11d7f779e4cf91433d01ec1a2182cff6b147b064a833f981
399,dumpenv.xls,83.59 KB,2025-09-05,6bd941b64c0fcb37b33c40769d3a6db643294fa6812065f23038677e7d233495
400,yesterday.js,105.69 MB,2025-09-07,6a4379b1ed07c88d83f18a27fbd58e360db5df0fea00753ae332cbaa264366e7
401,events.cmd,21 B,2025-09-01,c9c003e11a6b22b26e7d08291a1054bf8332690a8db10ae6dedba5625b7eed83
402,batch.bat,80.74 KB,2025-09-05,73c795195a01afd68d3b92d25fe6023b194b03e4240c5ea7e1b10eca5ca443cd
403,mchat.bat,113.35 MB,2025-09-05,1eb12913f4ff30fbab015664ab41257660fbb45845e31a50ba52bc3c3532821a
404,a.js,90.17 KB,2025-09-02,d19519750ab8278dedd72d7796d0aae15b609102cdb7c02d76abed93e88de762
405,starter.cmd,46.85 KB,2025-09-05,67f59eb307f8cc2b16de9d7d80d989f970a9856ae51f27cdc857ee32014dc9e6
406,addpost.xls,43 B,2025-09-01,320e9fd8d9c1a17cb556d5754e8b14434efa34fcdb26cae21da6dcf3653d604b
407,tpv.bat,48.16 MB,2025-09-06,319c6681d7863099e84d65085ece8c0abc531422c6569ab1e521afdf97128447
408,css.xls,294 B,2025-09-07,03dfb2bed9b3b234a79749328eb0dc9db030de8bbbf335319a0515186e2c3574
409,hardcore.bat,5 B,2025-09-01,cca33c46200311e2a003a32e2466dc5b2c404c13e925da2fad0f14fa041eaf2c
410,getconfig.cmd,65 B,2025-09-06,45abcb1a27d91495b0c22b0032129624d7414c56ee10ed429bf95c244f23b3fc
411,svnbase.cmd,82.26 MB,2025-09-07,b57c4e01c4f8a071517246973fe717a0962261710e13b9a47e72d2da08ec3796
412,te.js,80.24 KB,2025-09-08,c10532739eeeb07f250a9038f4c5f9ddf87926f08b68ab760c6f1ff50091cff4
413,temp.js,131.75 KB,2025-09-01,d907de27ca8948cbf379af69859b04d6d0ae37aa1950eeaa3eb404cc0f6d4153
414,r.vbs,112.01 KB,2025-09-04,f2e5092332605bd561cf3956f43a07d936f7b1e26725410e7970fb8bb44916b7
415,appleappsiteassociation.mdb,156 B,2025-09-03,df4f0d6ca984e1f12e5dce77ec04b355093820f55c7080a15d76b7815a4b8be0
416,14.xls,15 B,2025-09-06,eaa66297e93ff16e01938c59eee3f5ebd8a3e4700c66e99c4a9c302a95b05aa4
417,fotos.xls,15 B,2025-09-01,dbb1d7f1a1fe7d04b668053efeee65f2beb6dd95f7b76af718063e4a02e20cfc
418,advertisement.mdb,39.98 MB,2025-09-07,f6922ba287dee245364bcc96b5bd485b333da7ff91af78a88143a1bbfe0415cc
419,rendered.vbs,42.26 MB,2025-09-08,4b91718e910e8ef3b664e733cb888a7cbbffc203da8e8f80c423bbafda3a9608
420,org.exe,52.0 KB,2025-09-06,61acef45fa40afd08201faf93ce7115f567287f65119c6a7bda9b752064513d0
421,Admin.exe,9.16 KB,2025-09-01,0b04ba92180a0a7592e00931047be71be4c5cc0ab4c0a9ea4cf0d4941c72f79c
422,arquivos.js,75.62 MB,2025-09-06,bc1928522455872e245495cb99a509f755a7fe301185abde1231be108d064ef8
423,vip.vbs,67.79 KB,2025-09-09,582492c8e8f7399384014b2c4efbc2f242b4628713bce08de55c3ae4d69db331
424,reg.vbs,114.21 MB,2025-09-05,918ae40b193e84f41db4de64acfed36752aae5afe2a4d950553cbdaf5e8a5918
425,tx.xls,131.82 MB,2025-09-05,e95d12d9963307ef0b8a4a44f500f3c91ab623c99b7c8e5c70030d4804d5c7ce
426,metainf.cmd,147.18 MB,2025-09-08,64c6f6d3a5b3aef626a1899ce7fa499278c712bf61f30a7b0a90904cb49a70f6
427,legislation.bat,107.07 MB,2025-09-01,3f255901b00199bfd1b7a87ee734b1bcf9ea781577e59a0e3ac9516dbb217885
428,msadc.vbs,78.16 KB,2025-09-01,d5809900f1f0720aa4790699a551644cf7ef35925af9a04343c55ccf50d54076
429,serv.bat,117.79 MB,2025-09-08,89e049f475e26d093439544a7b80b700f80a73b4c767ee4f77ef4f8b700ee67b
430,ideas.exe,109 B,2025-09-06,bcc1ff602b98669e5f8fb86d49b68f1360a2053196954aafc31fbe4f75e5f381
431,wellknownopenidfederation.js,5.64 KB,2025-09-07,c286e9a2e8ddc2f9bdfad768289bfc243babd8d531d1a2f8790656d004599fe9
432,wusage.exe,121 B,2025-09-06,f39430b22abc03f38aa5a26a99b4f2f9b8b169d23e57f153cc43988ca00785ed
433,HTML.xls,197.8 KB,2025-09-01,5f61565583c7cf275302043ac8b7ca5699c1cf176c92446191cee33c35b93259
434,bigadmin.bat,40 B,2025-09-07,364c5aa1a0a4bcebce3e298ed5917586c7ba5b19e1fb1387d34472c9cc37feb4
435,preload.xls,148 B,2025-09-06,16b2a13f4edc025e3c01657d160de149829dc0ef76acf7d341aead2882a0a892
436,controls.exe,74.51 KB,2025-09-06,80ed953fcc1802043c2ae7c457f223c0ff17fcfb3666f6ee642b40ad7c8e1cb8
437,1000.bat,24.39 KB,2025-09-09,3c32fe9bbdefbc12127a46483fa5ef069993d4565dd5c640275582415599cf81
438,visit.cmd,56 B,2025-09-06,b111b5e97fba58f2e173ccd4e9040425592a997c4386608ad53a56690142e477
439,accessdb.js,23.37 KB,2025-09-05,4bdfaa8a5affd15d5bcd3da415fee21619a691c158c48a63a244cbaea4aa3986
440,onbound.vbs,101.49 MB,2025-09-03,9749b086b1e62dc47ea25677c8a541a17711c8943c04b4d7ba957ff68c156674
441,tips.vbs,31 B,2025-09-05,466dbb2f9c2697cdcb8e0968c1ab8834ceeecc2446550a11f187a24e57a46099
442,dig.xls,125.67 MB,2025-09-03,e47c3b1bdcf321c9cd1b6ea76b4f421598e26931860cee6b1adb617d4eaa5a71
443,us.xls,2 B,2025-09-06,e65af870f87c9dd770860cd3502be68fec9e20d8902df96aea1b7a14bcf156e4
444,standards.mdb,2.53 KB,2025-09-01,0c3f4d7e0257089a43d6c73576f0a80724ccfdc9b6a04c95d6b7c8a1f1bc1e5d
445,phpSQLiteAdmin.bat,86.76 MB,2025-09-03,168d97a5f582be9bc2af762283bc853d045e1a6794498ab0ed588f3cad4de30d
446,respond.vbs,21 B,2025-09-02,2fa759fc62a34bd3be0238cb98cef3d7b7a769e38a568fc1520dc2c6164f3ce5
447,jsx.exe,55.45 MB,2025-09-09,6c5daa47504e0867723d6d3becd2af0c842cc3a1d1205a8f2ebb05c18d090ff3
448,mycgi.vbs,113 B,2025-09-07,7986bfed2e578f0b05c1f1ac6eb3aaf1ff4480ad89c64286bf1a7832beff9624
449,whitepaper.exe,55.88 MB,2025-09-07,70d8559ce028d11bb20c0253734ca4762f45ab3ddb3dd02829ed8f9c7538cd4a
450,editorial.cmd,49.64 KB,2025-09-02,74ebad24e167bc0d6d0a346f0fa439ebe9666d47fdebd21ae0e224af9d89db9d
451,refused.js,33.67 MB,2025-09-05,65d5358a61c6f62729699454ca420719e20e2ee36156607c5020b51e3926b628
452,urls.js,16 B,2025-09-09,09865097c6287dee6b35480f6b9dffe820726bfec8d8eb39c1f2b05f42de0d46
453,contract.cmd,38.64 KB,2025-09-01,9f2196d4d9efef26916e15c89b5616e237c365cec7b21e9c2d711f212401f934
454,transformations.cmd,37 B,2025-09-06,37505f2f324070287ba199797b41f5c41538779ea10c6de5ebb77600ee06120b
455,4.js,78.17 KB,2025-09-03,a6b982cf762fe8b8ef5bca92a4d1e2301fe43267094e50cc63e419e4ea48e999
456,ipc.cmd,171.51 KB,2025-09-06,9a3c36776f1f06669fc046542fee4951dc2b15f5bc8af48072525f18774e011c
457,ningbar.xls,65.93 MB,2025-09-06,b58a3d64672f8ecd5b3a8bdf59c6849658917076de5c2c2259f2aac8fb06ea3c
458,zip.mdb,251.89 MB,2025-09-07,8e663696a9328b54c4a809c3f40cd6b69911bd055e882c1aa89ab6f54743298e
459,idrsa.vbs,58.99 KB,2025-09-05,a3d3a64aa35b0e32e1de221d11c8712f5ded99f2a80088b906bc5dab2326ec05
460,encyption.cmd,103 B,2025-09-02,2248bad137366483f135b1a1f8ffd0ccb0206c34f82d83b6601c2bb9e699c45f
461,langs.exe,112.6 MB,2025-09-02,d3e7a2392a649602db864890c9cecf30f295837505e6651ae9309c3869325d40
462,skin1.exe,220 B,2025-09-09,56008c6b19a3b627f6c29ccbd825a7198c092f3bfe1d22686baa80bf8fef9fbe
463,wpcomments.bat,46 B,2025-09-04,91459df9492c66a45d3e7ae66f26accef17c584132f822a6f9e59e7de64a8b3f
464,vbs.xls,153.05 MB,2025-09-06,d57fad760d18d5bb5229c9f2fac5dd478d50baf905773ff1e59831f11b4aa73a
465,hostmanager.bat,150.64 MB,2025-09-09,86c9579a896d4e1fe605a985abface59a8bc6dc7c9993c7e1e1ba6f38e5067ad
466,bloginlinemod.bat,127.11 MB,2025-09-05,780e4bd71ca1da171d14767fc4522420f5d02bcd6a1a0949c4559d18fd9c296d
467,oauthauthorize.vbs,164 B,2025-09-05,99c91c2faf189eff10349da899e76f51868d692f3b84145c08e27011c7767e6e
468,auction.bat,194.91 KB,2025-09-07,4d485f20ea273c6c9e409325eff9b7709a8c3549f921f20a88459eac4c236061
469,psd.xls,21 B,2025-09-08,416b5815a6a7e7a8bea85db74c30aa1ac981d14f9e39701b84fdb9023db4c112
470,banners.bat,31.72 MB,2025-09-08,8183f7435dfb72682fa8c8447cc74b53945134c399f073e7d34dd2a885b2a984
471,homework.js,114.14 KB,2025-09-01,a27c03ff0a7de4ecda2a99928042c17414454426f5f529207323e8be0e4966b9
472,forgotpassword.xls,114.07 KB,2025-09-06,2422560715a2629d15d415ba5dccfce781a739aabe5156ac6fbcc256e3ec60eb
473,lofiversion.exe,11.48 MB,2025-09-01,30cdda63e564c01aa9dfc33b2597d2c1b4ff9c011215dea674bd37b61669bd30
474,htdig.vbs,24 B,2025-09-06,c57df61b6d87f801c36196ed9cd1acc1fca5661275636076de1d71d471260a52
475,cgiwin.mdb,142.31 MB,2025-09-02,14dff3406f1e4538e9bbdeafc5d60296b534af3284b97b65f564f9fdcab279f7
476,dbutil.xls,166.32 MB,2025-09-02,45bbfd84a709ae2ee1e81328ad794c790e3d11c6b60dfe09f01e06db41861e87
477,mp3.mdb,74.24 KB,2025-09-05,9bb6786bf4c5679c4392e6832d9142b88618668dd73f020e98faf8fe9bc4bfb0
478,sensor.js,4.32 MB,2025-09-09,3e1617541194538f45193b45c754110321e043a9e53df4c2312d8972e991eb29
479,phpBB2.cmd,31.66 KB,2025-09-03,a2c1aa1d8decc79d0de0113620945209f12c2d22d0f9afc8a1ee7a9efa743434
480,bakup.js,53.26 KB,2025-09-02,279cb0664aea422a1ece93f565096efd10095c6db5056fdf2a5b926f344fcf97
481,mgr.js,10 B,2025-09-06,b87e1ae5e2d447b8f4eb668ffdd8db8379f1ea15eb0ebbea3a64fc4447d70860
482,bc.exe,62 B,2025-09-09,4490f52e39420c8076c5366cce7ad09c33b5eb5e4f9f9fff2374b8c741ecd486
483,beta.exe,79.98 KB,2025-09-01,ac75fa9250537c2ae35cbcafbcaf1d90157d9d364ec4d2527d33c52be85cfbc5
484,system.mdb,63.34 MB,2025-09-08,b67651f76f88b49a96f709da51bb64b95e31f5969b7ba7e5c72ba17d01cfb428
485,tellafriend.mdb,191.53 MB,2025-09-01,9bb386ad376b92d061b914c4b346a5a3a042e1d5cababb7fb948662c68627451
486,listview.xls,17.33 MB,2025-09-05,640df1687163b88827233c993f65d488b6c3eb139e8b8e27c9353096f75eff33
487,disabled.mdb,42 B,2025-09-04,1de76e1d00cab03d05f95ab66c941c422fe2f4ec17ee97ddb25dc1184653d19c
488,manifestmf.exe,99.11 MB,2025-09-02,b06db9a093ea15424cea2b861a6c1757f6e19f1e41bde84fc17e7ec9033dc7d7
489,pricelist.js,215 B,2025-09-09,3f790d0b650a01d6634c7b2296cd18cad444ebed199f123516e48997a00f3a9b
490,if.xls,71.42 KB,2025-09-04,3d41df36b81bbd813ae531e066279d04ce69676813237af0915d4737f9cf713e
491,httpuser.exe,190.41 MB,2025-09-05,a375af767971eab2a702234dd1c3181105f13c54b3bd238a7212411065940d58
492,cisweb.vbs,49.0 KB,2025-09-01,5593d184fa9f6f250dbcbb3248254d83f8e636ccd8b38207c28d4d3d676b0fa7
493,ignore.cmd,13.88 KB,2025-09-07,41193264be640f163c3b266545008a793ed3d961619b025562f98a650ef934aa
494,underupdate.vbs,51.8 KB,2025-09-08,990fa4c1bb89ac30c16dbe32d8944695f68c39d7d427b94ed2f041f75a75a2f9
495,webconfig.vbs,81.98 KB,2025-09-06,303d15eabe03e3cec0c90c3e79c07ba9a0534aab3b18cd61e0fc554ccfb198c5
496,FCKeditor.vbs,106 B,2025-09-08,74dc07d38f84858b58163ae82dcb12914b90721e3bdbdffd1615c7c5474ba80b
497,uploads.cmd,25.56 KB,2025-09-01,55a2c12e36aa08352c9559d10162834c68a0427d6aa034d0d0cce5342ffa9162
498,metadata.js,113 B,2025-09-05,f86fb85051641bab34721ca449c66a155cd0fb303f115c810efb3c16b3da0211
499,pg.cmd,172 B,2025-09-01,6535e5e4caecb2ad707c1f64d26c6b8f952da3a53ef46e5cdf3e6bdec71f09cf
500,thumbs.mdb,139.71 KB,2025-09-03,43050ac3660997f79860d536ff3cd9eb4cb2572e2f6b1389f0a160e8d753f20a
501,inter.mdb,260.25 MB,2025-09-07,727712bc3a2b879370542365f36d565e7d7ed7e38d97fd83d0d8683b3eaf2213
502,aol.exe,257.13 MB,2025-09-05,cf715b194b15cd89e7124b5514e8ef1c8d0255696aca984a3c5106be84163166
503,Links.mdb,11.94 KB,2025-09-05,c2a33d0f72d2d51be5e14960f229d528ea158a260ac60d282ad0e3f8d5c1ab63
504,crypto.xls,54 B,2025-09-02,326a3bbcc1d5ef75996f574fcec499d9d9a222ba787ce02c9d3afacf177ddd47
505,US.exe,147 B,2025-09-05,f69d8916e2f5e598d6328148eb4721e5f45a9d11fdced9aac3f757bcfc2089ea
506,wsftp.exe,9.98 KB,2025-09-06,6ec78660d8ca24da8c8f01387e93260c829e373497ca0433ed40bf71553954aa
507,manuals.bat,31.64 KB,2025-09-07,f6354c1acdfefabe74729445e4bf38a0ad659d7a033d579551b021de78000dae
508,pntemp.exe,201.72 KB,2025-09-01,f7dada69d174806ee0312fed312fccfa5bf62abd8ce8e450a8a33beea6754567
509,path.xls,158.26 MB,2025-09-08,0c19503e2686b10ecfca9212d317e83ef0a54b636a5bb1fec13f284215e183be
510,folders.js,146 B,2025-09-02,ecd4d11940f3e0cd67f10ae3e341de776ab1f0db9c88587c5ee0c95af11ce099
511,createaccount.bat,179.73 MB,2025-09-07,40e5c3e0108baf0904aa669f6e3a531703d7d48540388000970ac943d54307bd
512,reusablecontent.bat,53.21 MB,2025-09-05,5e6c9b317a630a6dbefc519c79f85c815cbe7dd7ca20c5ee0eb5f2d979083e4d
513,phpmyadmin2.exe,28 B,2025-09-01,19b1ff4a34b7704651874c78bd6a77f259807da7c0c571e4b55af4a8266a84d8
514,Indyadmin.xls,108.08 MB,2025-09-05,d54bd13b9750a71ce3aa1dacb18a0c892f9fb6095c3cc630bde68904c1cb4d66
515,holiday.js,57 B,2025-09-02,db989073bb1082a1aba26cba34847b9b9c8cae71d1108a634829e7358c7ab752
516,OAErrorDetailPage.cmd,0.97 MB,2025-09-09,b0e103094d555784a25671f8b62c841004d94c9b6ce37ccdee11393a270d52e6
517,ratecomment.mdb,10 B,2025-09-07,50bdb6679fa7bd4031f4b997f00de5a1d4f96ed78e1b0e169fee9959e3f026e9
518,api.vbs,110 B,2025-09-08,36103f9c0ca99301ad6d87dfb4e8509e8afdcee4d0ff6ed809e8be654453d494
519,ppt.mdb,56.3 MB,2025-09-06,2c51ed4a0b3f8260fc3e57ae5d2111b9098cca4294b22a76dd5776446ba2a833
520,script.mdb,123.0 MB,2025-09-06,6dc6c1b51f30337334960438ccbe1f20daa59959f5e60d66244dee2a825fe5a3
521,cardinalform.cmd,50 B,2025-09-09,cfe53635d72940f2604454e7134da3e6eb9b67efc2c963bd1ccb7015d3b2feb0
522,500.exe,260.83 KB,2025-09-01,faf167f1e67b633b672477f1d5e9abf61ce2a4bbbd969f63010c4f9b8d1ea67d
523,ogl.js,140 B,2025-09-07,232eecdc175191df995c3cef1e98d630e7ea43af94b80ac3025f520a3fcf174a
524,viewer.exe,75.17 MB,2025-09-08,e4d5530bdae9cb7d5bd08a55c54f5513eac951b15ed3d06bc06889d56fb71ebd
525,commerce.js,190.65 MB,2025-09-02,48522c658dd822dbd55b01059d7ce06aa177c0d4344fda3c53cbd1a8b0dd7699
526,topicadmin.cmd,215 B,2025-09-09,e4c2269e6e7fb5994390388fa65ac05a5464521687f905a6cdc0ffd99431a284
527,lic.mdb,7 B,2025-09-04,e22df0ee433a9cf41acd756a225eb6f53a3b70e63253e764db171829d8675ea7
528,crs.exe,158.53 KB,2025-09-03,d92bdc9c12e5a4cf25cd7a218adb1e19e7046cb22eae3f50775518d92831801b
529,viewsvn.exe,128.18 MB,2025-09-07,e4d84aee43936e085000be9e97cf8ea572e867db250ee65077ab57cb80138538
530,fortune.bat,135.6 MB,2025-09-09,2e48cd90275a0584a61bcc42877b37f8c13ed574f1d98d1883de0d5d4bd928ae
531,stage.xls,171 B,2025-09-03,61e34e76ba1d6e19a8df6d5fb5c06ef05f1b3dcb2b81c07bf7be25d86bb91ccb
532,trackers.exe,33 B,2025-09-01,70408a621a903946d696c4c656e45afa0f782c68217a6eb260ae704284e514ea
533,composer.bat,119.01 KB,2025-09-02,b9c7f9f738e514d6e957c41c233974923c6431e1fcb404ff4ae5f85ca4c456b3
534,smilies.exe,31.89 MB,2025-09-01,38844e8ab9be0e8eaf15276cbf27dd1b3a5d8ab4a6ee762f7a3539f5b3c8cb9e
535,bins.js,178.9 MB,2025-09-04,07337fddd68fb7714df8362b7da60db8b826d0c7dfcd78502bee6e3c91f762df
536,postinfo.cmd,101.52 MB,2025-09-07,fd3ef9cef8402014711a5c66aa5825666dce8e8faf170baeb62810e866632daa
537,admininterface.cmd,81 B,2025-09-06,f08ede35c2391214515914b677c5b7a11be6ee325c1f7c587f2b5279602d71ec
538,lang.exe,198.09 KB,2025-09-08,b6c4a89047d1ec5c0c671e942ee865a74aa41562b83fa4974e627f27d7ba9f64
539,shippinginfo.js,47 B,2025-09-06,3ab526934bde331f23efbc0cf86b3a3335a864889d152a3965f0480584a14d12
540,web.cmd,152.61 MB,2025-09-01,6101ecfa281133eeaabb80baab6878f04b88854cc28c68e2b52e0f68a7f25097
541,arcade.js,54 B,2025-09-02,ccd340dac89a111eef1b630e15368e2a80d8435675d2044ade6f1dd79a6889b1
542,adview.vbs,18.52 KB,2025-09-06,fc1f692bf80a4c6295d84a74542d8810562a351c0ed34950133db3530eddf39d
543,mtbin.cmd,83.21 MB,2025-09-01,ab5c7ad847087bb8be760e355f419f4fa444d37dd9b8853a1e40a82bc6b088c6
544,listusers.mdb,163.03 KB,2025-09-08,3a71ed6a39811b726d4aa16bdc32d4b6111d13f115d5584828ec3c3e0c51a5c2
545,ec.js,84.76 KB,2025-09-06,26d9d9e472fd66d2063b0fab6192b7b2c043435b1debb7cffc0658d56e8a75d9
546,sponsor.exe,142.24 MB,2025-09-03,6b880abe4da31fdfb3a39ae1de22e4c85c002872a4933b102c4e282cb7445ed5
547,login.mdb,140 B,2025-09-07,9ed6740208f2bf950f4e81d9b6eef36b85d20ebf11479020ccce2133af5e1af2
548,solved.js,152.11 MB,2025-09-08,814bd00ff8b379cc9beaade85ec7ad7836e940039a62f96c6d09f5fb0c2b9bed
549,sling.bat,73.58 KB,2025-09-08,e262087651584c13adfd0d29b1b60108d5a6d22b00a35facd8ec9b21433e671b
550,reminder.exe,99.43 MB,2025-09-03,9d184e8e99168cdd5f27ee33c83981a0785bf98ad24a5920a0b6a5d97ef6014f
551,src.cmd,41.6 MB,2025-09-09,e53ebcab600ab07c969827ef8e3af6bf243ff33b32acb2317365d90a845e2765
552,vp.mdb,58.15 MB,2025-09-04,d8da362850e6f46f6b397dab842c0214a24ff464921b4870644d4ba83053475e
553,lockout.js,96 B,2025-09-07,081f6959d8c8b0468654499f839306c7325c19bc0f4be4c17a67f093666531e8
554,webinf.xls,3.85 KB,2025-09-03,e339d5308c64af3386a1bfbaa081101231d12d49ab990f59be59b56a6177dca1
555,blb.vbs,36.75 MB,2025-09-07,6574e14ec9e6e181f08dacda88b998bcbfd3fea129234c4c184bf98241e7df98
556,gadgets.exe,59.99 MB,2025-09-06,b8047ac577a60bec76de8ba84e8e07b53f75aa8cdbb8301a4d1d3ec0eb3cacd8
557,apiexperiments.vbs,199.12 MB,2025-09-03,16976168eb479e6b15e20817f84ca608a9d4ad6385b557ab5038c199138ad760
558,subscriptions.mdb,68 B,2025-09-01,b1851624436329c855c4a867591b5f732bf751bf78cb78083636b2b532c419d0
559,excalibur.cmd,134 B,2025-09-05,9056f247401875c79d3fac641f8b77fee91cb45e6f3fbbdbcd910589e0d80595
560,3.mdb,234.63 KB,2025-09-04,5138bfc3def2b0becb772db4809f0a21848fb53bb9f9e508f7ee9e195bd83704
561,showenv.js,6 B,2025-09-08,2edea9346860444ef22d8d4a8d47e825524e5c6d66ff051b000e4af5b330157b
562,charts.mdb,189.24 KB,2025-09-07,a7afb5053b26edbdc09e0015ebc2d373fafc17ceef038079d84e24f0e77fa7c5
563,statistik.bat,83.95 MB,2025-09-06,9abe7b8335df0ca06abad117dbd6538d31dde8891be58ddb8538c68cfef2a98e
564,supplier.vbs,26.47 MB,2025-09-05,4e1624a4987a55bf0dbcc986d114f09c6ca1a53576bba70c190ff34bf1ed1ede
565,analysis.vbs,45.57 KB,2025-09-06,d79cd22402c0774597c0b67e21daf8131c2c62a0c1dbc81eddeb4734c8ff4549
566,crons.vbs,79.51 MB,2025-09-01,776bc922b7eae9459317239714c2bc31528ee478f9c62c2d242c1845bed856b2
567,menus.vbs,32.48 MB,2025-09-06,460be236aeb9a7c1d2c34728204edb4a90dcd532be29e63bd38dde5e87fc63ab
568,tpl.js,83.72 KB,2025-09-02,d5e3ed27ba5e997b1b181b23ab55445e0c12cc70ccf8eed7569094635530a6a3
569,webdata.xls,41.23 KB,2025-09-01,8a34392a38190334808a87884b7142ffc2add3488901afc28d7a747186228e9d
570,future.vbs,109.44 MB,2025-09-03,9710165a92a878a7cafde51e38ac9c512a981a731db2334bcecc4c3fe6d28162
571,dev60cgi.js,17.88 MB,2025-09-04,22f03d2d46361487b85a20df7d4a777ecd56e0e64a2e5e2457254b26bb8e9ec6
572,mytagjs.js,157.58 MB,2025-09-08,cbf1e088d4ba999efd338de29a15e1e0c1c34b359e218e59a3db8e94b3148e63
573,ne.xls,29.68 KB,2025-09-07,9c763552ac21f76604803252461cd5a94431b60abc6142cf427a58735ae4a61f
574,wrap.cmd,69 B,2025-09-01,beaddd3ac5266468e2744f1d0113b30b4525001ca657b1a3da8462a4bd4e31bf
575,ir.vbs,103 B,2025-09-01,3690748d63dc6359b8518e13722ef1c4e3259c45139812bc06235a22e6b2f352
576,blogspot.exe,58 B,2025-09-09,bda2bb3262ce5f0c58fb81a89877581ecb6904c5e68b39a8a2e116ede7f07bd8
577,webedit.mdb,90 B,2025-09-08,957797fda5b3e617a1a71e2c8a83144fc98ed398652a8869145f74fec26e9fc0
578,ban.mdb,29 B,2025-09-09,2bf379f8a09df65d3bdd0813a332dbcc921e7fdcb5e2dcbaffae7e42fc1b26c2
579,iphone.cmd,33.59 MB,2025-09-09,da5c46001dcf79381e5f8d8016108037f3a075c8b731be7026f77d00a40bfef8
580,current.exe,138.85 MB,2025-09-08,e331efb6db747e908a1a23fffbd5859775aefb01b9f080f9b55f0970c2750a16
581,W.js,37.03 KB,2025-09-05,6285c7235be681b057af7277660ebd89150648d95a8745508c62528b1c38f5bc
582,fi.xls,136.95 MB,2025-09-08,2ffb9f09425129cb08aece503b3c9a7a2952748f33c9d573a9ad0cf6b9259d3f
583,advertise.cmd,45.87 MB,2025-09-05,556b485aba9b6eade1d29d4b3c5e6aa011e9c76bc23d5f473c3d8a665c254f70
584,tiles.cmd,8.39 KB,2025-09-09,6806f50aa6d30694d1a436869ad7ab96ef0c814ca4c15ebcb1676a8cda95690a
585,securelogin.vbs,100 B,2025-09-05,1f3684ec52209fae6dcd4a8ff092f9927cf43c9339ebba669e7af294f20fab16
586,meetings.cmd,3.59 KB,2025-09-03,fecefcc326c7352aa2bc144013c746a973bd45679598e20234dcdfa725712396
587,renderurlhttpswwwgooglecom.xls,157 B,2025-09-05,b8f666416f7bf6a6cb54f7213304d2bc7f87db6fedc823cea37972f7ca7b2a30
588,gccallback.xls,93.59 KB,2025-09-04,92d9dc82bd1fc11e8bd2565680c567dbe4d74001118e460e01e4682df2f1ee6a
589,manual.bat,124 B,2025-09-09,86543474240e98426b760dfd6f5e3d359c1187b7f21b6ab2d4480d2727dd0cbb
590,People.bat,45 B,2025-09-01,a73787c054b6a443e5bcda46affaad9ac291d1080fed99e3d566d03ee187d1f4
591,projectadmins.mdb,70.17 MB,2025-09-06,d579ac32f8873cafa6b84a4f7cdccd1dd1d09fe68ab948a6121407f9eaea0923
592,ver2.cmd,16.95 KB,2025-09-09,9383e3520fb05d90612e76691cc67b061101e3eae481478f37c1d90de8783736
593,winnt.xls,4 B,2025-09-03,d2365ba4ce128ab4f766f4826e21dd8256b6af280919f3b4ca2246a14724a2f8
594,contactus.js,131 B,2025-09-07,6d3ee53602dd0e82472fc1cd88e1d34e81877a8f8bfa813417f075f255821a82
595,passwd.xls,110 B,2025-09-08,9b740898dfd2e31f5085cebbb17e7ea51b2ddceaa26b2ff1b9119efd13b72343
596,will.exe,37 B,2025-09-04,6c792e09f2e518c0776b8255c4761e19fb1f31cc15707a50189f85adbe0f98d5
597,Server.vbs,13 B,2025-09-07,4a5cfeb6b410a33c53373786b69298dfd8525c5909ddfb3ad2cfb1b596383a65
598,asp.xls,27 B,2025-09-01,b658bab1967e0b31ec6224a56dca2324b41ba851901b44019e5cc4a9c5b57fa3
599,createbutton.bat,157.72 KB,2025-09-07,d64deb1f655831bdb96cab2b45b1d1b256607f41578447d3c671640600110de3
600,mcp.vbs,58 B,2025-09-06,79ce9abf62bfe0451e4da92637dca316525299b142a6c0fc606958df1e73db47
601,posts.mdb,59.0 KB,2025-09-06,38c040ad2b26305572990863d0b2d5a2de33adbac0abb7e04f296ff133739cda
602,HTML.mdb,107 B,2025-09-05,9c6d891646597658f53ddf57f38bb8c7f050613ea7e3457051c0f954d441c4ca
603,p2p.xls,200.41 KB,2025-09-06,0111dadccb4a90140181cdc6ec7156c639c0817796b0680c083e52e5b51ac064
604,bg.vbs,336.65 MB,2025-09-09,29f26a6aa65f1dda7deda396fe2e76108fad836cb8ca75d5c3c365513ec1e028
605,accessgranted.vbs,36 B,2025-09-03,e7334c33b27ec5421cbca223d20e5c29f5e013743a2a7bd211c2f6bb8c65924b
606,bio.xls,123.5 KB,2025-09-06,7424ba2db8b754b2e6a1a7145db866985588509209823fdbd5ea0eb487c300a3
607,helpers.exe,13.78 MB,2025-09-02,7d7db14cc9b12bf73f85e4ce08031576c4129359bc58796129d3b35b24c13343
608,emoticons.js,179 B,2025-09-01,e4ef5cef995bfb6d6c590ed0a3f8eaa3674b5dfefbd24afbd437d26c805a9cf9
609,loginflat.exe,123 B,2025-09-04,e4888fa4cda3f9a83c896c3053fb21dad7a0dc210029a3a3d2290483fd50dcb0
610,communication.exe,3 B,2025-09-06,d79511f65a558c1c4ca89d1b5fc6ec0a7b3c03037d6a4946daec89571ea4a4b6
611,administr8.bat,163.7 KB,2025-09-09,9dd3fdfefa0f7f312ff00bb9e625d57acbac4adefdf09011418407a9f9b5302b
612,ShibbolethssoMetadata.bat,63.43 KB,2025-09-08,710bb4db6028b53ec9560f65d4f886f981a7127c88daefec237df2fa511b8807
613,shopsbuyaction.mdb,138 B,2025-09-07,8f88e45d75c6df519fde612dad7f5cd8692c2654f9ccb087917c7e41d9ab1126
614,holiday.cmd,10 B,2025-09-09,03cfe117c6c96475235573467e5eb4a32f065bd309fc787d569f7143d9c4e0e2
615,umts.mdb,233.15 KB,2025-09-07,bb20fcf89f6540cf00f0030cdf4289c6e02169d680767b5e9c61bfb77576d832
616,hosting.vbs,13.11 KB,2025-09-01,b28941c7874a4954f9b9c034244d8481f1f771e6d661c7beca6aef5b3846136b
617,cc.vbs,211 B,2025-09-05,2fe26cd91bc58635702948a96bb886cb1e080b88d2803470911e9cdb979e5aca
618,account.xls,79.78 MB,2025-09-04,602094ad163525841205bb069024b647553bd02579f2ff92e0dcc4e08e33835c
619,respond.xls,45 B,2025-09-08,8242183011ed7c01024795f44d987eed78134a9eec3294b1beb2f7ae6f9fcb0c
620,processform.mdb,124.22 KB,2025-09-07,1a416c7643b44c076278bce46b268aac26449418228ab4f439fca7d8e5db9208
621,sites.xls,34 B,2025-09-06,372ef0c7e55772298b0ae68421977e7832b6949d8e37a81c2c27142dca360fd1
622,brokenlink.vbs,8.94 MB,2025-09-05,73140deba64222d3cb71f2f27cd6a94886862bc5ebb9debbce740991d8471252
623,conferences.vbs,60 B,2025-09-02,f1e2a5a49dfae0b1b06fef020c2260c92aba45ea82465d759642c7fef9e7fd80
624,industries.vbs,25.13 MB,2025-09-09,7c8113466377df36ba4f316176d600fb106747d7ba766fc1d27e66d4447dad9f
625,seccode.js,73 B,2025-09-09,c316a8076a89a98184323a783e101270a43a2879830bd7ead27b15065f0ed953
626,page2.js,110.74 MB,2025-09-01,8306fa1444d71e1e915cdaa4a94af5727f226756b62e9f66f5aed10974983cb6
627,run.js,67.44 KB,2025-09-07,6754b420ff46fba6562df216a5d9fb8ccc47ffd5adfa9b6b39fb1060325af108
628,union.bat,41 B,2025-09-06,66f89533be36eb672291bbe49bd89bfdcf4705a9ad459969c49fb13c14833ee5
629,sites.mdb,31.46 KB,2025-09-08,c2cd25ad65572805e7b9af0b3b657f0ee2f9cb30eb42975e20d2758f2be9c54a
630,cv.js,22.64 KB,2025-09-07,c9181e60012460d8aa50f2a95bae6434766e08202359b70d78706091bf6c1e69
631,aw.exe,166 B,2025-09-02,37390c2123197703ad8ab65f2c5910645d78462dfe1178357e12a5a7209ebc21
632,xyzzy.cmd,31 B,2025-09-06,5c085b135d7d688637f72295db5f0e78daeefb02b4cd0125a58189e5aa5ebee2
633,mobi.js,18.65 KB,2025-09-01,574b12b5b2ec4f2cece4aea4c1276710779646d16f07a6a4d44c1204d4853694
634,viewforum.vbs,122.29 KB,2025-09-01,ac3d55b9774f2ef7cf18d42eaf7fdf6d28ddf0f1ff03baa9c28ce9a0d7191d49
635,notifications.vbs,18.72 MB,2025-09-05,34cc5c8e87598ffea1d023272a8ca5861b82e06cf573d061403b2f5b15a2414d
636,giftregs.bat,89.73 KB,2025-09-06,c4845572f3ac676158b557b8870020a7ffbb830eb1724c8b2bce7222b0285814
637,favorites.exe,139.82 MB,2025-09-01,9e686a81b91eaf71bb1ef3e0beeb96695ca2b09a6d50b364876df5bedc4e9c86
638,organisations.mdb,46 B,2025-09-05,fb6edc828fb3ab4c73b0383bc88a394c4f6f441a5844d11b07bb7a8dbc0b7916
639,authentication.vbs,144 B,2025-09-07,d4610147a10e2ee4d00a520cbcb3d9234f463dbd5c0b4974b1aee69a08776814
640,desktops.js,67.71 KB,2025-09-08,11e70ddaa1380c44944d1be7baf5806edcca64267bfa19d5fa6d4d8d443c9290
641,phps.cmd,189.06 MB,2025-09-09,d24740567bb16d15453ae886025727f849c8296571712e06b71c4a0d8e86939d
642,copy.js,39.06 KB,2025-09-08,3cf8778eeefcc6fdfe60854c60909ddda0f4d0d12a33c737409d3a2faa2bfeff
643,restored.vbs,55.23 MB,2025-09-03,386a8e20491ce727c22b057ca4f71522f521bcb0c21619c295b413826f090031
644,servlets.cmd,134.83 KB,2025-09-01,43f05384e64e0e90def78436c059c76b87243fbdb7a09268f1f1e9a24ffcb575
645,trees.bat,87 B,2025-09-07,3489eac416722c85be2c35f05516d82322b32d8596a19571437418176a1f05bf
646,explorer.bat,1 B,2025-09-01,4f318023daee3b3bb843c53d953e2744ebc6a6e60da82507fa21e372fdf7c126
647,directadmin.vbs,198.46 KB,2025-09-03,58b5808d4b6a5ba454ebe3ee1f0af9d96209cfea6def38253493630dbff93c66
648,restore.vbs,11.17 MB,2025-09-01,65647fb06ed9997a447c8e27d94e06461d12599fa0d32aa3358a9a5d63ae491f
649,tt.xls,32 B,2025-09-05,82804d24c106cf083af2e9029e81e99844aa73b550979acd1edfabd43275f4a3
650,headers.exe,134.98 MB,2025-09-07,276237350c866f2a100fb9d9db31b85f0f7c75bf40cb00efd840c63e7227b4eb
651,os.mdb,125.81 KB,2025-09-07,9ce51078b64df36feade3388b093ee6c435266648c47c6c2455b0f07f6a8e83b
652,gccallback.vbs,59.72 KB,2025-09-01,0a7ae6409b6504236d8805c652bbb12bad4161cf11de77edd96d447d041cf89b
653,boot.xls,27.59 KB,2025-09-01,2277e2396d6e9b7129a52dda070d4a7abfeb32678f9f96cd67c92a4500955674
654,2005.vbs,95 B,2025-09-01,6e36e9f7665e103b43a80b8c590c28b8044441c9c4dc395f89accbbffc6d5424
655,funding.mdb,210 B,2025-09-09,6e0bab34189b13888e3055eff3b08465a762d3a0661b7695727b43656c9594e1
656,frameset.exe,260.5 KB,2025-09-05,642ec9c16ff6a48e9f1aefdf74ff5408a4c82a7c962c0dac07761a613f3dd363
657,handles.js,65.1 MB,2025-09-06,424a8c24766a81f7d508205b2575f53e053b19f6a1a9cbf2bdb4468db1684836
658,purchasing.js,27 B,2025-09-06,2c5886bf44dda45441e2dfd33ce35c7d7642bc4a0a6b91eb793c9af865103850
659,shop.exe,45 B,2025-09-08,69339c9a48fd257def92fcecf366c31886af67b533ace56a2c69bef38c05f7f4
660,sample.cmd,88.56 KB,2025-09-02,1ce28b1360a53635aa7bbf5d8c620d594e3614e086c1cd9b0852e897f7782e77
661,readfolder.mdb,33 B,2025-09-08,69db3e8bd225f1d68fb5d40656e5d5718bf3d24c7ec1d7122593c04b8621c4f1
662,board.js,125.96 KB,2025-09-04,25e73a4caac9f6faef95ffdc5ab1e4fcab73aee55f67b086d0df04dc53c468a1
663,evt.vbs,6 B,2025-09-01,ca984c742c807dbed3ceab8f393d0bf6db7ba287d80b82bf5fe21e726d0e434e
664,intel.bat,129.71 MB,2025-09-05,414b21f6df14f19cef035d31244eacf96ddcec369b7d8afb69eb6368f99e7195
665,pa.vbs,52.26 KB,2025-09-05,964f0c37310473fdd868a8200d2cdcc06d4a5378892290ac54742dc100e89a8b
666,newticket.bat,66.69 KB,2025-09-02,505f69b701d528b4a81bc947dcd28255e424dfc05b9326b3a78e282852779083
667,deals.js,39.93 MB,2025-09-03,e403d3d3c51090de59130c330758e454874a7cd1786d79a621eb64bc66377f71
668,vticnf.cmd,55 B,2025-09-05,83852023cbd92fad88c54297f940e68544f028abc48ece543f7a9daaeee9dbe0
669,alumniinfo.vbs,28.61 MB,2025-09-06,5d10350739acca23d7cf4e8a1b74fbb8e0d863d0f10aa1d2200b4a560b9ade50
670,stop.mdb,203.96 MB,2025-09-07,9ed84cfbf3c16d7cb2b6ec5ab0c3e13f8805372086a4c1b1be0a77036573e5a6
671,giftoptions.xls,86 B,2025-09-01,85f6ef7ec2838cc8afd68ffe9ed6128b4c170d31131395c2474107286575e483
672,csproj.xls,18.81 KB,2025-09-07,660f1e3a236360b2f742686754f2b8200e2133b875752b672a14b9f2755f1964
673,df.vbs,232.63 KB,2025-09-01,d77fe3c1d40ce16bc1b3f538506706dcb7ab0d0aa051b7572c4f16d66f5263fa
674,headerlogo.mdb,40.72 KB,2025-09-02,dc924a293c8961f91cc356e6067e54da9f8dd42cb85d92ca01d0d45bf959b696
675,supplier.js,50.78 MB,2025-09-05,13a7771937fcd87c02457e3f2e01f3722a2af8a599437c78f454e7319b6d9635
676,whatever.cmd,32.73 KB,2025-09-07,f610a94472fa989372149e8105ec7070a15f9f18b9589e6d2035324d7f10d426
677,appleappsiteassociation.mdb,119.66 MB,2025-09-08,ee7dfdb2e3497c9b48dd79eb8eadaec98d161918d8ee8f566c0204d4037971ea
678,humans.cmd,66.76 KB,2025-09-02,e8daabdb3711916fe389ae4c17a7ccb30102395fbd41cfe2bde8c244634f54e9
679,phpinfo.exe,46.87 MB,2025-09-06,550e54ac97b2670d651617a683a74fe9883936e08b1efa966201d109b49d7c9a
680,Download.bat,89 B,2025-09-05,8958925b2040a6cc99d5c0d41f0749f1ffe993020ac081ba7a23098c1ee3fe97
681,admin.vbs,77 B,2025-09-02,0abde793216542189c266ba553593cf77ac8268607aeff2633a8e6f193666b71
682,compress.js,105.57 KB,2025-09-07,329a9669f4262e37fa65fc4631ab3291e385734cee38908ca520f2022d13926d
683,galleries.js,57.03 MB,2025-09-06,d0255e8543c9c8dda8c5252d00bf6b51f5506529f98a8cba6918a1a1f7585912
684,pdfinvoice.mdb,223 B,2025-09-08,fb66df6a6d9d0a117fda226be6783a3934e80d2b37fa9ebd27ec880339c159f8
685,htpasswd.exe,253.85 KB,2025-09-02,9d023a157709c89c8560c97ef92d31b6aeb6ca4f509d693354f38cbfc2f74602
686,aff.xls,56 B,2025-09-08,2ca6cb766f6ec541417806bd6b1ea8488f36798dbef033424f9b5402e35aeb79
687,ptopic.cmd,68.75 MB,2025-09-06,26e000339a661286ca1cd5b5d1b7fb1df665d7cc40da923481af63aff34762d8
688,texis.vbs,47.57 KB,2025-09-03,018e5853388e0a54c83d6a28e60c8daf1af1431c23cd1169e3257249e96e6a46
689,LogFiles.cmd,74.02 KB,2025-09-01,90aaf2d38e0a9df007b4704b6a07960119246f60aa3f4d9ed18138abf3319a52
690,template.bat,177.87 MB,2025-09-08,6f7c82f9e790fdc7e8070ec81222952edf0f732c2020f3bc9a0592bd19b13171
691,denied.xls,189.1 KB,2025-09-01,5766fda3123dc34ee1e3ceb88ea63c58e5475141dffbd3c763a2c04b08159d88
692,embedded.cmd,173.18 KB,2025-09-01,26846bb4dbab00808a7cd6988e2897eb680214311968aeee06e3f8681ebb5cb2
693,svnignore.xls,30 B,2025-09-05,ecdeab3d36bd8f82fe9ebc5f70d33aef1d8302b1117fd0a7dd80ae0e045d6fa0
694,cardinalauth.xls,142.87 MB,2025-09-07,ffa45ff883d70accbe89351a0ddfd55686965d8386f59ebdf1723849ca600d0f
695,svr.mdb,34.99 MB,2025-09-07,87db99507f886a2081d205efaf471b748b6e8e7dd7df6e4f1d06bfe8f6434342
696,tv.cmd,128.76 MB,2025-09-08,1ba06558a6f58f42e21dbda00b9b64f8e57890040669a37c4497be736a16160b
697,message.js,52 B,2025-09-01,d4e5713bdb0e61239d71581e11af346008178c77a3a0eb561dc8d361a2247460
698,downloader.cmd,153.66 MB,2025-09-08,27313b05c55f4e47a5e7c18d691fca8d31cb058da031b5cd2fc180a81daf5056
699,Office.exe,27.08 KB,2025-09-06,2c6802144e56bd74abaff35016054d4daada63f74bc514fad2b70936a9accf5c
700,doc.mdb,242.05 MB,2025-09-05,bf149f9a3882642ce1c35187cf74cb9c30f9b8e2e425c788a1b5160db9f7271c
701,amazon.bat,207.09 MB,2025-09-06,0f3dd4fc5ff218925b97120bdcb9da3ada6c180bcf247094ea4d5338a48740af
702,vehicle.js,15 B,2025-09-09,8e8899cd5c3d4e3a505a503508895d144d2f75c2af2e650d068cc425090345e0
703,msql.js,13.18 KB,2025-09-05,fbc9fb5bcf0a27392a319b242ba36fac5e170d925390d4540eba53ffb9ed39e5
704,shopper.mdb,116.61 KB,2025-09-07,ea5baf05ba2fe61d7f26d6aef738498a495a09cdca27e7a5f45d74c08ecf9299
705,backups.js,92.16 KB,2025-09-04,e6c25a0805485b18e865802c2bbd8e2d6a1e7a3aaa6a0767ea490eb2300c8dbc
706,u.vbs,96.91 MB,2025-09-07,8fa53970cb933872c19143d06d5271a27ec74e92844be1fdc8bbf15da780f918
707,insurance.mdb,17 B,2025-09-03,bf52ab5d41fcbb57dffb09e7e2593860fd6ba39145ce4c96e0a339c7026453a0
708,pkginfo.cmd,130.79 KB,2025-09-06,02fac37bac5d7b935faa046f61c335b1cc795e2d9e7a23bd2df9d806ec6d9b6f
709,xhtml.mdb,1.63 MB,2025-09-06,8462f74b5078274e716c5e4a61bfa76b68a478a51cef3426d3fd540fc3b873f8
710,main.exe,1.12 MB,2025-09-01,43bf0e585ed703c5aa53e6a74b04e2b3c10a3a7708889a5d823c7f84e29c2aab
711,pics.cmd,227 B,2025-09-06,1e29e54ba70a07e7e68f286f411bfcd879ed1b8b8056d90cd794a3102daadca6
712,spec.exe,78.74 MB,2025-09-07,15adb4004f49dd7867b6c21cd877129da2f7d6de7e1a6417f7750f3acc2147be
713,evil.js,194.69 MB,2025-09-08,a733da275f3ea6134c3a93a62a422accc3b8208c518060bebd0ba60d756b728a
714,Events.cmd,61.88 KB,2025-09-03,e61e6958feb7c186cb05d0f952f2643fcb675780df3d10edde80207483fb9f8f
715,pay.cmd,121.37 KB,2025-09-06,ab41bb6da5dad8c2ed1775d78f02733851dee31109c14dd512a93c4dff42ebf9
716,blow.cmd,157 B,2025-09-09,147ced763f0e9b17a457ff74e87d767ab63dc75d46d6d7add22722499f9f09b0
717,editprofile.js,200.82 KB,2025-09-04,afdd639771a136be2a9a61af2d8e160589a8870a65ad3bc4788676858346896b
718,wellknownreputetemplate.exe,193.14 KB,2025-09-03,0bbbdb3ecbec25c0395417e38071b42112f48ffa03fb1bd66388c7cbf5d1abe5
719,apiexperimentsconfigurations.xls,243.93 MB,2025-09-08,7ea161c2650f0bb5b8fe1ce51130ef6ed319339c7ce2695151fa3160db6a4c09
720,phpbin.xls,5.57 KB,2025-09-03,ab9b028eed2f7f49d9189f6e8f6dc5aba57765b7085a3c8fcfaff5ea9bcd26c4
721,outgoing.mdb,82 B,2025-09-08,4a55d34d1b0fd6dd35fb45c87f691b62f5056602797473f13f58685d1c5e70db
722,scriptlet.mdb,41.79 MB,2025-09-08,227c451b5e7afc37da39aa10bb11d2164447f0ddd94b4fbb2ad89099fb95b81e
723,B.vbs,88.71 MB,2025-09-04,703058c509c8c1400e43c94f10a7c434d0a0c0681d0ddc263ae18b138182b9a2
724,comics.bat,167.6 KB,2025-09-08,b85fc871e0c811c2bc79a69a8876d6832475259a38329638330fb20f9a408419
725,phpadsnew.xls,67.85 KB,2025-09-08,7459e34c7506d05e49d3b68f80f87a0d17a29c31a078f4552f60980baf8d68fd
726,voip.vbs,69 B,2025-09-08,3e3c13e463c4c70cd18e349f5bfa45050fe4e2a1d37e53014ad44ae660d78eb1
727,extension.cmd,24.33 KB,2025-09-07,21b30ef88ea36c10d79fb73e9d30b7e788f39286c12a50dcc4bba8eb2387633c
728,result.js,142.98 KB,2025-09-06,6c587834f2dc29b351b39521ed3951dd25e0cdc6a27e6d374fc6fc2c0c0d3bfa
729,jsession.mdb,83 B,2025-09-05,25cc799a82abf243bf7cac4d82e17f5c8123933d01ea73fbdc3d934fbaada8a2
730,400.xls,51.21 KB,2025-09-01,1b6172ce23bbbcb0e27b28424ec805eff3c60423a12ef17ee7fab81c87034944
731,procure.xls,30.69 MB,2025-09-01,f8fa455f553ff7572d2413584b04bf65d8985be9226e27d83597a4abd86b8891
732,resolve.vbs,26.84 MB,2025-09-06,dbad378fd609756e5cb7a3c15ba60c82fc1132450fc75d1cd0c169ad154b69d6
733,smile.cmd,99 B,2025-09-06,792bcc5f60fc8b794aec42a3fc3802bd79b1f8a07f594f57cca9a2bd17101a76
734,seminars.bat,53.55 MB,2025-09-05,531c0d885096cfb67bf50dcb87c36d2e270c3ef8f712ae867bf80faeb743c9b7
735,message.xls,314.99 KB,2025-09-01,9f209b11f25266276764775f0ddcc1c4376565a7944ca4668424f8e0fd738680
736,mambo.js,90 B,2025-09-08,edce0869fdcea62ac781b12be5b470721021c1c81a7e4b6c1e82a75d4d1a522f
737,2010.xls,144.26 MB,2025-09-05,b62b340c1adf7bba93bcf4c50fe4fd06ce016f828aca0fa3e2a6e003efccf02c
738,displayvvcodes.mdb,89 B,2025-09-01,62bc7944d614b1d418e8f26f91ba6033f7b4df74b7f97f4a8d3b66429465f632
739,skel.cmd,157.06 KB,2025-09-08,1a449e246e10647d2d6ae5cbd711a6c7568997d099dec4f272037aa2fea8a9d3
740,facts.js,56 B,2025-09-08,a803df3bb450ef711a6509a53ddaaa3e45fdb505bcf4eaf5aaab3668e2e8c033
741,commented.vbs,135 B,2025-09-04,7acf9699abd449ab513ba4ecab8a5afc6558e2240cb953190416651446ba304e
742,XXX.vbs,30.56 KB,2025-09-08,b6599d25bdbf5f564ea6b84574ab83c72a741712572a42875dc2114cd52f9009
743,qsc.js,205 B,2025-09-08,4fd1811fb934414aa8a3fabaef6f4f723c479b2dbf64934ad3780b820e69f14e
744,webadmin.mdb,33 B,2025-09-07,ef30c94741beddb029107ce2fb84e59013fa126461d52bd427d51a5a257186a3
745,directions.xls,111.48 KB,2025-09-02,8736c9700e3a094ced4e34847ae42cca87fca7f3a4fd419f46fd78e74d7a858f
746,editorial.exe,123.67 MB,2025-09-05,02d4bbf46f1b19948f8bdcf3470f74208c9c04f0ef0a9823ff3b1911890edb68
747,admin3.cmd,95.81 MB,2025-09-09,eb5fe1a7924cd5d627c585e2cb4a5c0a7aa8ec685fce27ece6ebaacc8601fcfa
748,cam.exe,258 B,2025-09-01,9dfea8912c68e7147718de318bb8610ddba38be69ce3a71fbdd631c8ff190ae1
749,emailer.vbs,80.94 KB,2025-09-05,7f1e77ab1fb3431d47ce793e4ae155833b32c00f7d508e4021cd9d5c2ea3372c
750,level.vbs,65 B,2025-09-01,2bf8042e26f06d19678c4578023a84a641691d83dbd76f122e618adaa9f4bc43
751,mailpassword.js,145 B,2025-09-06,3efd48eb12bcb62bb9fbe381f781854294051e20c5baba471aa5af1453c4c64b
752,premium.vbs,21 B,2025-09-03,d3a6cf68bec944b521c56fd6695b00a4401247b31a2ca93cca87d654c87d040c
753,wellknownkeybasetxt.xls,169.73 MB,2025-09-07,b59c3a22f2128fafe7a76643e2810659ce16f0ac7343116185f4052f2df0d064
754,mails.vbs,204.36 KB,2025-09-09,7dbb8e0a2cd5d0f0ea68f8f5ad8a7020fb42d5105d8ac2e1e56c2db55abeb8c7
755,tslib.vbs,79.58 KB,2025-09-01,1b17269b4fa42d9dab62a04d39c0aaa55e1722b984d594abfb126c6b8d12afeb
756,whitepapers.xls,26 B,2025-09-01,5df3b8a1745581f8abe29ec487edb38bc5abc62ff82266a0c3428a189e93eae8
757,bbclone.mdb,48 B,2025-09-03,8effc1b0343e5f4158aa4aa2ca0e1a4d9b0094ea8c3a40acabbc3a03840c762b
758,helpers.exe,87 B,2025-09-04,66a4b8d82ebc79d4daa235b4de78e9190d873a2ca9b070477ff29f0a0c101015
759,endusers.bat,8 B,2025-09-01,c5aaf4496b66cceef0721ebaaf5747024edbfee436fd83f0058338dc58c808d2
760,publication.mdb,14.99 MB,2025-09-05,826f39d63e932bb59123ad663f3c4087dc5e25b4ed4522d177e28f5f48bd16f4
761,compact.js,57.51 MB,2025-09-04,2d8051394c23cc9512d02764e2ab3cdc050ad5e382bbd2ac10fa38e923c9a030
762,guide.bat,156.62 MB,2025-09-07,0b5140c8fad9d0f5789c3db5672ea4bffd4bd4257443e677b1c59406c03fbcca
763,showcase.exe,15.63 MB,2025-09-03,6595ba79ce3d5ef741b1220e5a4e2a99370d56685abfa6a143cc28912148d9ad
764,etc.vbs,94.57 KB,2025-09-08,c76b0d82bf129d4b4b0a4d5f2d55c52fe1dbfbb111024ef5d3d9e5f2d220d152
765,mygallery.vbs,28.49 KB,2025-09-08,8adc5e5824ffc3a965b88b7cec2d2b078d1f60d2d8cf853083aef2eb869bbfaf
766,art.bat,81.32 KB,2025-09-07,5d83b3df6275512a9ff21db263a4eefcce7e4184d7d7ac8da666c82d183f052d
767,encryption.cmd,102.77 KB,2025-09-06,cea6424e2d2696afe8d48efd75f561ee269afb218cf26c2ac8b2f56818a6f33b
768,latest.bat,99.48 MB,2025-09-08,441a05b726416cda065641f0aced52249632d91ddaa55737cd35a79c54fcb53a
769,computer.js,72 B,2025-09-09,e6c548e329e746ac063b7c183472e798fd7a69fa0b1caabf5104241d1475c6e5
770,referer.vbs,190 B,2025-09-07,f1f73108cec735b806ce9017a130bcf8ae47b39e25c393e8afbe93233e3de41f
771,listings.cmd,9.37 KB,2025-09-07,a24d56383b423c55826357a469e9e44294a7c00fda7a168fb58d8f85b102d4b9
772,wishlist.exe,83.55 MB,2025-09-02,4085e523c20a821650a3dd196c61de8e1acb801e6ed5ae0920350e50b2313339
773,gift.mdb,20 B,2025-09-04,e751dc09f63c980716896bafff2b5a13a6a5e459cd28cb32b29165d1170b267d
774,activate.exe,124 B,2025-09-03,ce0866d5fb2f6600e17db27a3785e04bf18b5ac75285effe5168c183658f9d72
775,vticnf.xls,46.84 MB,2025-09-04,93560addadaf55c8b216a57c1eee86c7fab8ee454cc39d139ce06530773d1e85
776,national.mdb,124.47 KB,2025-09-08,8744921cdd206dfa86a64cff484137b6da914f9b47e0cd3117e0ac1ca0c6bf64
777,programs.bat,37.54 KB,2025-09-07,8457d3c95bb27b99e1813ae6617a0680966f50d7158870357f4df2375b7914ec
778,unsafe.exe,203 B,2025-09-05,3cab809ac91b2a17cab513752dcf4af9a9311c6b781a332d651a40d593b5d277
779,103.xls,54.81 MB,2025-09-08,63b3446494af6ad44cc2209a31e022629f7b22071b88cf46d537ac3c5fafee70
780,banking.js,102.38 MB,2025-09-08,fe2b2d8ca618da7646a8498c1102e4990270232de22e350dbd192ae514c56849
781,union.mdb,120.78 KB,2025-09-07,bd7720a84ca099c2427f34715eca8c2764fbcff6041829fd02da486bcffb370a
782,secrets.bat,57.06 KB,2025-09-02,d9ea852148989e0c05241837b09757ca10d1edc3c98fa1ea6c71d3e1a6fa3164
783,tel.bat,125.3 KB,2025-09-07,500a1636eb839832ecdb47f977c65a49b390daaeb6af81177ce54221aaf8ecf9
784,sitemapxml.cmd,98.65 KB,2025-09-07,a38a2c87f03f9af1121c17e59717e9efcd7cf83573c14f812b87d588c470af3a
785,e107admin.exe,190 B,2025-09-06,4cfed74f62a8a93a98f16d1085c9a78a4ef4d15e0cbc3c237ee25655dd6ef4c9
786,SiteServer.mdb,86.0 MB,2025-09-06,246ea923ab1712847f327ee7271901735066071cb1034931ad8e8cc426b45638
787,reputation.xls,18.69 MB,2025-09-08,36a696a9055a44de80d3f4fda451be8be867755aac18c49cf5456d324ea42fde
788,creator.bat,58 B,2025-09-08,bbdfb38820d607f773dd8e204563c022d147a33a2f70213e50b1817aec4c27f2
789,ecrire.vbs,62 B,2025-09-06,3604a8d67cfff948391bd281983fbb9d00dce54574e92ec73693d66adae3668e
790,htmlarea.mdb,75 B,2025-09-07,3791e8c135f3d34b9f262ae6fa524fb15a4f8b4e5d8703638dbababe241c2875
791,ship.mdb,117.57 KB,2025-09-07,563601207c8cedb6fdf2f8431b46b4c4ff48b10cb352a9195aa12953d9932bf5
792,editaddress.cmd,276 B,2025-09-05,ea8955f4b55501626054fe654edd352fa293b2eb7111745c233d05987586d941
793,all.cmd,174 B,2025-09-06,5096c791e95ca106fde07aae1dfa511209d6c6b0a7e84941053ed1e3f262329f
794,bass.vbs,109.46 KB,2025-09-08,25f7e2ccf1900589bc622abdd62646af081c6cc7ad7a779aad72cd61e1e2cf05
795,videos.bat,14.73 MB,2025-09-07,3c26ae318774774cd51dbc5198719312fb4b015e72cb85e21f0e98cbe7277acc
796,phpBB.vbs,46.69 KB,2025-09-06,16a44a9cdac44ff639a7413a2789b0a3c83e4789a9b967cd3e57750162fba143
797,testcgi.js,108 B,2025-09-04,e54b8b41b4e68ca3a0ca157fe2f6db79ea9792cf0f91e9480e1953fcab6ad4a8
798,masterpasswd.js,11.47 KB,2025-09-03,d326efce69e1a49723ecc61d1e59b6ef580e35330e3dc1f0762192ed6452f3ef
799,dnsquerynamegooglecomtypeA.mdb,257.34 KB,2025-09-07,ca199bb1f5d6cb6872d842a922484d89750b918e422bddc8a305ee13171062f7
800,balances.cmd,23.79 MB,2025-09-08,7255d6833925795345fc62a46a11abd01a756ef88aa59fd23b786e20acc00b88
801,pd.xls,27.3 MB,2025-09-01,94bc5c81a825ef00fc7ef0f697f6387f852cca1d9a8ad40b67e4b0d555255f2d
802,Members.xls,27.83 KB,2025-09-07,bc3288ab9c2ea34bc975235eea448d3fde011bcff204c8e0c0460ecc93f2065a
803,commentpage.bat,53.15 KB,2025-09-05,8f37e4ad22f2face9248e0d173209d6c8d7f42e83eb7cdd31288e492b78eaa3c
804,bakup.bat,120 B,2025-09-01,7b2b5b297227ffef65abedd396cd2e1f3f4c18c769268b722198d09978f3334b
805,modules.mdb,58.1 MB,2025-09-01,5c3316cf9353d5988fb7002f05130ebde665be536a092f81ed36956125cadadc
806,2010.exe,89.77 MB,2025-09-07,9115fbe28907a5f9e896046ed3e421abf49811edc377cf3eacb6067732f3c8bc
807,sm.js,121 B,2025-09-03,f5448dea5f5ee7e52ee54e25520d39e95590c61e347c2262af3e26998d10778f
808,Search.js,100 B,2025-09-05,d5e4c554e3083e4d9d21ca65a0ce9a57f9ec720833ffa68879e5dc5524172781
809,books.vbs,110 B,2025-09-05,8795531bfee2321fef1b7d7a5a271f465978f4c6e670555131d30401121de19b
810,frameworkwasmdotnetwasm.exe,117.96 MB,2025-09-05,e7d9b7479d0f75ee2bdceb50ae54eefc1dcfcb76b9d1076c4015fd8d2c8966ae
811,cool.bat,105.59 MB,2025-09-01,2f8dde0bb0060e2a0c283c50c297b8b752499f3d3b8bb5db334481b180913924
812,discussion.js,80.69 KB,2025-09-05,6884d257c7640fb80ae709d69e9f3641682116161ac336f82b698371918ba9b7
813,index1.js,45.99 KB,2025-09-05,25fc3ce1be5a2571d19eebb2dd7bdee765a40017f5819082ebe2f0097a5ed0f4
814,radmind.exe,42.92 KB,2025-09-01,533fa1ea4f0fb606661b36e577a4c2fbd85d3b79c4a88a73f3a71120e30acabc
815,schools.vbs,29 B,2025-09-05,5f9a7cd73590d8f7805b8dc029ad98a940026d32dec06169e7d61df1e1f928f3
816,preferences.bat,120 B,2025-09-02,67900e44250e183914a459f396d9efb11637d3aa68a944ec8d2f0945ab298168
817,playing.bat,50 B,2025-09-08,1d9404f05e5122cb209b05f7b73d5433481521a9eb01e9acda0bf3475093079a
818,documentlibrary.xls,115.44 KB,2025-09-02,4d2b1dec205e93d8962fba2be6f6c0767b91c6741a5ae602d3319ee0fa8e592e
819,papers.vbs,200.39 MB,2025-09-01,a468a4d8012e1a119cac361b905dc0dd0bdf09ffa92f8d7820b5f7fbc063df0f
820,ns.xls,21.96 KB,2025-09-01,904228104ace17e9edae618c1991ec087a23d9333e184a0221b7c2c3ea20d1b6
821,homework.cmd,11.02 MB,2025-09-04,b3ed3b510f7004de8f3b1e649fa3c21682d32a68325a2041c8779fbf0408fbed
822,binary.bat,86 B,2025-09-01,580bb3a01b8a62a4fa5629eab6c08fa03ff1bd27200d8bf8a8f9f9a6cd2ab3eb
823,ipp.vbs,13 B,2025-09-01,d4a91659d5c432b7c9269b6192e0f031b1bd0641997c4caee23b7468d540007c
824,installxsurvey.cmd,151.84 KB,2025-09-08,b9fff1d25d1e861d9a3605166f418e364be9561870aa4952112aaac1ad7367e6
825,show.js,14 B,2025-09-05,8c60b5c93edbe68b7a6e3b23572caef6f9ab5d615bed91be5ab835a9007de50a
826,subscriptions.vbs,127.47 MB,2025-09-08,a8bd4cb6637e28fe304f5c991a502b7f3b7c13af94ab0376352cd613f7170c7a
827,postnuke.exe,89.86 KB,2025-09-08,9ca9dca296cbfdf9ff7d7add9de950961edfead396c2386cb897bcc3bc21fe4b
828,manifestmf.exe,1.52 KB,2025-09-05,827d04087887245a937a82d4884ecd44379ca4112fd9465491a4defaceb1bce6
829,booststats.exe,69 B,2025-09-01,32778f8da6a80064858709b540e4cb2253f693e69b2409251eac41bd3108742c
830,magic.bat,124 B,2025-09-03,121d82593430a33c03d809b4727f5579e99ec4b79f53563317dd9b07cd5ad6cc
831,roam.vbs,6 B,2025-09-07,5e6de9e34edb78dd5db5e003315e534f261b3437c6cdf6fe721cf25891036d64
832,uploadfile.bat,69.91 MB,2025-09-03,3ecea6274c91543fc059c13a8cbb3ba8e116f18227f3b99020e552a26a21dbb6
833,emailaddresses.bat,79.74 KB,2025-09-03,1233fd8d07ef0d9519555625d80ac06cc799224c200d403b0a2ab3bd7fe3728c
834,matches.js,43.29 MB,2025-09-02,2e90cd26a1e804f897609d7cf4191b7554d0530cd47f110cb7b5a2a3cd4a4d68
835,effort.mdb,112 B,2025-09-01,f5a5c88dca8323d1fe8d5dba772d437e1618c6fbd26014acf5cd2e6de7bbb612
836,emu.cmd,15.46 KB,2025-09-04,cfb7e95cf279155d8b8c61c2c399b3692a772eea87901055767396a070b8414e
837,prn.mdb,200.72 MB,2025-09-02,64e219fbcde95a06505bb651d7e95fb58b1802a0aa44d1c9953f10efe3d8f2e2
